ReferencingObject,ReferencedObject,ReferenceCount
Ledger_Account,Account_Accounts,2
Ledger_Account_ByItems,Account_Accounts,2
Select_ItemQuantity,Item_Groups,2
AddTemp_Budget,TempTranMaterDetails,2
Insert_Items,Item_Items,2
Get_AvergItem,Item_Items,2
Insert_Order_Restaurant_TakeAway,Order_Orders,2
Insert_Order_Order_ALL,Order_Orders,2
AddTemp_BudgetAllBranch,TempTranMaterDetails,2
Ledger_AccountDetails,Account_Accounts,2
Insert_Order_Order_ALL_Draft,Order_OrdersDraft,2
Ledger_Account_Car,Account_Accounts,2
AddTempTrialBalanceByTotal,TempTrialBalanceByTotal,2
AddTempTranMaterDetails,TempTranMaterDetails,2
Select_ItemQuantity_ByProperties,Item_Groups,2
Print_EntrustedEmployee,Emp_Entrusted,1
Print_EntrustedEmployee,Emp_EntrustedEmployeeDetails,1
Print_OrderDalala_Dalala,Account_AccountType,1
Print_EntrustedEmployee,Emp_Employee,1
Print_OrderDalala_Dalala,Item_Items,1
Print_OrderDalala_Dalala,Item_Unit,1
Print_OrderDalala_Dalala,OrderDalala_Dalala,1
Print_OrderDalala_Dalala,OrderDalala_DalalaDetails,1
Print_OrderDalala_Dalala,RoundDividingData,1
Print_OrderDalala_Dalala,Account_Stores,1
Print_Contract_Contract,Item_Guarantee,1
Print_Contract_Contract,Item_Unit,1
Print_Contract_Contract,RoundDividingData,1
Print_Emp_Payroll,Emp_Employee,1
Print_Emp_Payroll,Emp_Payroll,1
Print_Emp_Payroll,Emp_PayrollDetails,1
Print_Emp_Payroll,IntList,1
Print_Emp_Payroll_All,Emp_Payroll,1
Print_Emp_PayrollTemp,Emp_Employee,1
Print_Emp_PayrollTemp,Emp_PayrollTemp,1
Print_Emp_PayrollTemp,Emp_PayrollTempDetails,1
Print_Emp_PayrollTemp,RoundDividingData,1
Print_Emp_Payroll_All,Emp_Employee,1
Print_Order_Cashier,Account_AccountType,1
Print_Emp_Payroll_All,Emp_PayrollDetails,1
Print_Emp_Payroll_All,RoundDividingData,1
Print_Emp_Payroll,RoundDividingData,1
Print_Order_CashierByItemCook,Order_OrdersDetails,1
Print_Order_CashierByItemCook,Order_Orders,1
Print_Order_CashierByItemCook,Order_OrderReturn,1
Print_Order_CashierByItemCook,Item_Unit,1
Print_Order_CashierByItemCook,Item_Items,1
Print_Order_CashierByItemCook,Item_Groups,1
Print_Order_CashierByItemCook,Account_Stores,1
Print_Order_CashierByItemCook,Account_AccountType,1
Print_Order_CashierByItem,RoundDividingData,1
Print_Order_CashierByItem,Restaurant_Type,1
Print_Order_CashierByItem,Printers,1
Print_Order_CashierByItem,Order_OrdersDetails,1
Print_Order_CashierByItem,Order_Orders,1
Print_Order_CashierByItem,Order_OrderReturn,1
Print_Contract_Contract,Item_Items,1
Print_Order_CashierByItem,Item_Items,1
Print_Order_CashierByItem,Item_Groups,1
Print_Order_CashierByItem,Account_Stores,1
Print_Order_CashierByItem,Account_AccountType,1
Print_Order_Cashier,User_Login,1
Print_Order_Cashier,RoundDividingData,1
Print_Order_Cashier,Restaurant_Type,1
Print_Order_Cashier,Restaurant_Room,1
Print_Order_Cashier,Order_OrdersDetails,1
Print_Order_Cashier,Order_Orders,1
Print_Order_Cashier,Order_OrderReturn,1
Print_Order_Cashier,Item_Unit,1
Print_Order_Cashier,Item_Items,1
Print_Order_Cashier,Item_Groups,1
Print_Order_Cashier,Account_Stores,1
Print_Order_CashierByItem,Item_Unit,1
Print_Account_CussByTotal,Account_Accounts,1
Print_Account_Cuss,Tran_TranDetails,1
Print_Account_Cuss,RoundDividingData,1
Print_Account_Cuss,Order_Orders,1
Print_Account_Cuss,DatePart,1
Print_Account_Cuss,Account_CustSup,1
Print_Account_Cuss,Account_Accounts,1
Ledger_Account_Car,User_Login,1
Ledger_Account_Car,Tran_Type,1
Ledger_Account_Car,Tran_TranDetails,1
Ledger_Account_Car,Tran_Tran,1
Ledger_Account_Car,Order_Orders,1
Ledger_Account_Car,DatePart,1
Ledger_Account_Car,Car_Receive,1
Ledger_Account_Car,Account_SalesMan,1
Print_Contract_Contract,Contract_Contract,1
Ledger_Account_ByItems,Account_SalesMan,1
Ledger_Account_ByItems,DatePart,1
Ledger_Account_ByItems,Item_Items,1
Ledger_Account_ByItems,Order_OrderReturn,1
Ledger_Account_ByItems,Order_OrderReturnDetails,1
Ledger_Account_ByItems,Order_Orders,1
Ledger_Account_ByItems,Order_OrdersDetails,1
Ledger_Account_Car,Account_CustSup,1
Ledger_Account_ByItems,Order_PurchasesDetails,1
Ledger_Account_ByItems,Order_PurchasesReturn,1
Ledger_Account_ByItems,Order_PurchasesReturnDetails,1
Ledger_Account_ByItems,Tran_Tran,1
Ledger_Account_ByItems,Tran_TranDetails,1
Ledger_Account_ByItems,Tran_Type,1
Ledger_Account_ByItems,User_Login,1
Ledger_Account_Car,Account_CostCenters,1
Ledger_Account_ByItems,Order_Purchases,1
Print_Contract_Contract,Item_Groups,1
Print_Contract_Contract,Item_Country,1
Print_Contract_Contract,Contract_ContractDetails,1
Print_Order_CashierByItemCook,Printers,1
Print_Car,Contract_Bounce,1
Print_Car,Car_Receive,1
Print_Car,Account_CustSup,1
Print_Car,Account_AccountType,1
Print_Account_Supp,Tran_TranDetails,1
Print_Account_Supp,RoundDividingData,1
Print_Account_Supp,Account_CustSup,1
Print_Account_Supp,Account_Accounts,1
Print_Account_Receipts2,RoundDividingData,1
Print_Account_Receipts2,CashReceiptsType,1
Print_Account_Receipts2,Account_ReceiptsDetails,1
Print_Account_CussByTotal,Account_CustSup,1
Print_Account_CussByTotal,DatePart,1
Print_Account_CussByTotal,Order_Orders,1
Print_Account_CussByTotal,RoundDividingData,1
Print_Account_CussByTotal,Tran_TranDetails,1
Print_Account_DailyRestrictions_ALL,Account_Accounts,1
Print_Account_DailyRestrictions_ALL,Account_Branch,1
Print_Account_DailyRestrictions_ALL,Account_CostCenters,1
Print_Account_Receipts2,Account_Receipts,1
Print_Account_DailyRestrictions_ALL,Tran_Tran,1
Print_Account_DailyRestrictions_ALL,Tran_TranDetails,1
Print_Account_Receipts,Account_Accounts,1
Print_Account_Receipts,Account_Receipts,1
Print_Account_Receipts,Account_ReceiptsDetails,1
Print_Account_Receipts,CashReceiptsType,1
Print_Account_Receipts,RoundDividingData,1
Print_Account_Receipts2,Account_Accounts,1
Print_Account_DailyRestrictions_ALL,RoundDividingData,1
Print_Order_OrdersAfterReturn,Item_Groups,1
Print_Order_OrdersAfterReturn,Item_Add,1
Print_Order_Orders,order_MoveHall,1
Print_Order_Orders,User_Login,1
Print_Order_Orders,RoundDividingData,1
Print_Order_Orders,Restaurant_Type,1
Print_Order_Orders,Restaurant_DeliveryMan,1
Print_Order_Orders,Order_Reservations,1
Print_Order_Orders,Order_OrdersDetails,1
Print_Order_Orders,Order_Orders,1
Print_Order_Orders,Order_Extension,1
Print_Order_Orders,Item_Unit,1
Print_Order_Orders,Item_Items,1
Print_Order_Orders,Item_Guarantee,1
Print_Order_Orders,Item_Groups,1
Print_Order_CashierByItemCook,RoundDividingData,1
Print_Order_OrderReturn,Item_Country,1
Print_Order_OrderReturn,Item_Groups,1
Print_Order_OrderReturn,Item_Guarantee,1
Print_Order_OrderReturn,Item_Items,1
Print_Order_OrderReturn,Item_Unit,1
Print_Order_OrderReturn,Order_OrderReturn,1
Print_Order_OrderReturn,Order_OrderReturnDetails,1
Print_Order_Orders,Item_Country,1
Print_Order_OrderReturn,RoundDividingData,1
Print_Order_OrderReturn,User_Login,1
Print_Order_Orders,Account_AccountType,1
Print_Order_Orders,Account_Accounts,1
Print_Order_Orders,Account_CustSup,1
Print_Order_Orders,Account_SalesMan,1
Print_Order_Orders,Account_Stores,1
Print_Order_Orders,Contract_Bounce,1
Print_Order_OrderReturn,Order_Orders,1
Print_Order_OrdersDraft,Item_Items,1
Print_Order_OrdersDraft,Item_Unit,1
Print_Order_OrdersDraft,Order_Extension,1
Print_Order_OrdersDraft,Order_OrdersDetailsDraft,1
Print_Order_OrdersDraft,Order_OrdersDraft,1
Print_Order_OrdersDraft,Order_Reservations,1
Print_Order_OrdersDraft,Restaurant_DeliveryMan,1
Print_Order_OrdersAfterReturn,Item_Items,1
Print_Order_OrdersDraft,RoundDividingData,1
Print_Order_OrdersDraft,User_Login,1
Print_Order_OrdersDraft,order_MoveHall,1
Print_Order_Orders_Res,Account_AccountType,1
Print_Order_Orders_Res,Account_Stores,1
Print_Order_Orders_Res,Item_Country,1
Print_Order_Orders_Res,Item_Groups,1
Print_Order_Orders_Res,Item_Guarantee,1
Print_Order_OrdersDraft,Restaurant_Type,1
Print_Order_OrdersAfterReturn,Item_Unit,1
Print_Order_OrdersAfterReturn,Order_Orders,1
Print_Order_OrdersAfterReturn,Order_OrdersDetails,1
Print_Order_OrdersAfterReturn,Restaurant_DeliveryMan,1
Print_Order_OrdersAfterReturn,Restaurant_Room,1
Print_Order_OrdersAfterReturn,Restaurant_Type,1
Print_Order_OrdersAfterReturn,RoundDividingData,1
Print_Order_OrdersDraft,Item_Guarantee,1
Print_Order_OrdersDraft,Account_AccountType,1
Print_Order_OrdersDraft,Account_Accounts,1
Print_Order_OrdersDraft,Account_CustSup,1
Print_Order_OrdersDraft,Account_SalesMan,1
Print_Order_OrdersDraft,Account_Stores,1
Print_Order_OrdersDraft,Contract_Bounce,1
Print_Order_OrdersDraft,Item_Country,1
Print_Order_OrdersDraft,Item_Groups,1
Print_Order_OrdersAfterReturn,User_Login,1
Print_Order_CheckoutOrders,Account_Stores,1
Print_Order_CheckoutOrders,Account_CustSup,1
Print_Order_CheckoutOrders,Account_AccountType,1
Print_Order_CashierRes,User_Login,1
Print_Order_CashierRes,RoundDividingData,1
Print_Order_CashierRes,Restaurant_Type,1
Print_Order_CashierRes,Restaurant_DeliveryMan,1
Print_Order_CashierRes,Order_OrdersDetails,1
Print_Order_CashierRes,Order_Orders,1
Print_Order_CashierRes,Order_OrderReturn,1
Print_Order_CashierRes,Item_Unit,1
Print_Order_CashierRes,Item_Items,1
Print_Order_CashierRes,Item_Guarantee,1
Print_Order_CashierRes,Item_Groups,1
Print_Order_CashierRes,Item_Country,1
Print_Order_OrderReturn,Account_Stores,1
Print_Order_CashierByItemCook,Restaurant_Type,1
Ledger_Account_ByItems,Account_CustSup,1
Print_Order_CashierByItemCook,User_Login,1
Print_Order_CashierNoPrint,Account_AccountType,1
Print_Order_CashierNoPrint,Account_Stores,1
Print_Order_CashierNoPrint,Item_Groups,1
Print_Order_CashierNoPrint,Item_Items,1
Print_Order_CashierRes,Account_Stores,1
Print_Order_CashierNoPrint,Order_OrderReturn,1
Print_Order_CashierNoPrint,Order_Orders,1
Print_Order_CashierNoPrint,Order_OrdersDetails,1
Print_Order_CashierNoPrint,Restaurant_Type,1
Print_Order_CashierNoPrint,RoundDividingData,1
Print_Order_CashierRes,Account_AccountType,1
Print_Order_CashierRes,Account_CustSup,1
Print_Order_CashierRes,Account_SalesMan,1
Print_Order_CashierNoPrint,Item_Unit,1
Print_Order_OpenQuantity,Account_Stores,1
Print_Order_OpenQuantity,Item_Items,1
Print_Order_OpenQuantity,Item_Unit,1
Print_Order_OpenQuantity,Order_OpenQuantity,1
Print_Order_OpenQuantity,Order_OpenQuantityDetails,1
Print_Order_OpenQuantity,RoundDividingData,1
Print_Order_OrderDalala_ISPrint,Item_Items,1
Print_Order_CheckoutOrders,Item_Items,1
Print_Order_OrderDalala_ISPrint,OrderDalala_Dalala,1
Print_Order_OrderDalala_ISPrint,OrderDalala_DalalaDetails,1
Print_Order_OrderDalala_ISPrint,OrderDalala_Sending,1
Print_Order_OrderDalala_ISPrint,OrderDalala_SendingDetails,1
Print_Order_OrderDalala_ISPrint,RoundDividingData,1
Print_Order_OrderReturn,Account_AccountType,1
Print_Order_OrderReturn,Account_CustSup,1
Print_Order_OrderReturn,Account_SalesMan,1
Print_Order_OrderDalala_ISPrint,Item_Unit,1
Print_Order_CheckoutOrders,Item_Unit,1
Print_Order_CheckoutOrders,Order_CheckoutOrders,1
Print_Order_CheckoutOrders,Order_CheckoutOrdersDetails,1
Print_Order_CheckoutOrders,RoundDividingData,1
Print_Order_CheckoutOrders,User_Login,1
Print_Order_InventorySettlementMinus,Account_Stores,1
Print_Order_InventorySettlementMinus,Item_Items,1
Print_Order_ManufacturingOrder,RoundDividingData,1
Print_Order_InventorySettlementMinus,Order_InventorySettlementMinus,1
Print_Order_InventorySettlementMinus,Order_InventorySettlementMinusDetails,1
Print_Order_InventorySettlementMinus,RoundDividingData,1
Print_Order_ManufacturingOrder,Account_Stores,1
Print_Order_ManufacturingOrder,Item_Items,1
Print_Order_ManufacturingOrder,Item_Unit,1
Print_Order_ManufacturingOrder,Order_ManufacturingOrder,1
Print_Order_ManufacturingOrder,Order_ManufacturingOrderDetails,1
Print_Order_InventorySettlementMinus,Item_Unit,1
Get_Report_OrdersPurches_ByGroups,Item_Items,1
Get_Report_OrdersPurches_ByGroups,Item_Groups,1
Get_Report_OrdersPurches,Order_PurchasesReturnDetails,1
Get_Report_OrdersPurches,Order_PurchasesReturn,1
Get_Report_OrdersPurches,Order_PurchasesDetails,1
Get_Report_OrdersPurches,Order_Purchases,1
Get_Report_OrdersPurches,Order_OrdersDetails,1
Get_Report_OrdersPurches,Order_Orders,1
Get_Report_OrdersPurches,Order_OrderReturnDetails,1
Get_Report_OrdersPurches,Order_OrderReturn,1
Get_Report_OrdersPurches,Item_Items,1
Get_ProfitAndLossAccountAllBranch,ViewTranMaterDetails,1
Get_ProfitAndLossAccountAllBranch,Subtraction,1
Get_ProfitAndLossAccountAllBranch,RoundData,1
Get_ProfitAndLossAccountAllBranch,DatePart,1
Ledger_AccountDetails,Tran_TranDetails,1
Get_ProfitAndLossAccountAllBranch,AccountStartBalance,1
Get_ProfitAndLossAccount,ViewTranMaterDetails,1
Get_ProfitAndLossAccount,Subtraction,1
Get_ProfitAndLossAccount,RoundData,1
Get_ProfitAndLossAccount,DatePart,1
Get_ProfitAndLossAccount,Account_Accounts,1
Get_MizanBarcode,Item_Items,1
Get_Items_Stock_Report,Scaffold_ExitPermissionDetails,1
Get_Items_Stock_Report,Scaffold_EntryPermissionDetails,1
Get_Items_Stock_Report,Item_Unit,1
Get_Items_Stock_Report,Item_Items,1
Get_Items_Stock_Report,ItemQuantity,1
Get_Items_ByCode,Item_Items,1
Get_Item_BySearchPurchases,Order_PurchasesDetails,1
Get_Item_BySearchPurchases,Item_Unit,1
Get_ProfitAndLossAccountAllBranch,Account_Accounts,1
Get_Supplier_Items_Scaffold,Scaffold_ExitPermission,1
Get_Supplier_Items_Scaffold,Scaffold_EntryPermissionDetails,1
Get_Supplier_Items_Scaffold,Scaffold_EntryPermission,1
Get_Supplier_Items_Scaffold,Item_Items,1
Get_Supplier_Items_Scaffold,Account_CustSup,1
Get_SupplierAccount,Account_Accounts,1
Get_Serial,Virg_Virgins,1
Get_Serial,Virg_MasterDetails,1
Get_Serial,Virg_Master,1
Get_Serial,Account_CustSup,1
Get_Scaffolds_Contracts_Filter,Scaffolds_ContractDetails,1
Get_Scaffolds_Contracts_Filter,Scaffolds_Contract,1
Get_Scaffolds_Contracts_Filter,Account_Receipts,1
Get_Restaurant_Delivery,Restaurant_DeliveryMan,1
Get_Restaurant_Delivery,Restaurant_Delivery,1
Get_Report_OrdersPurches_ByGroups,Ledger_Account_ByGroups,1
Get_Report_OrdersPurches_ByGroups,Order_OrderReturn,1
Get_Report_OrdersPurches_ByGroups,Order_OrderReturnDetails,1
Get_Report_OrdersPurches_ByGroups,Order_Orders,1
Get_Report_OrdersPurches_ByGroups,Order_OrdersDetails,1
Get_Report_OrdersPurches_ByGroups,Order_Purchases,1
Get_Report_OrdersPurches_ByGroups,Order_PurchasesDetails,1
Get_Report_OrdersPurches_ByGroups,Order_PurchasesReturn,1
Get_Report_QuantityOrdersPurches,Order_PurchasesReturnDetails,1
Get_Report_QuantityOrdersPurches,Item_Items,1
Get_Report_QuantityOrdersPurches,Order_OrderReturn,1
Get_Report_QuantityOrdersPurches,Order_OrderReturnDetails,1
Get_Report_QuantityOrdersPurches,Order_Orders,1
Get_Report_QuantityOrdersPurches,Order_OrdersDetails,1
Get_Report_QuantityOrdersPurches,Order_Purchases,1
Get_Report_QuantityOrdersPurches,Order_PurchasesDetails,1
Get_Report_QuantityOrdersPurches,Order_PurchasesReturn,1
Get_Report_OrdersPurches_ByGroups,Order_PurchasesReturnDetails,1
Get_CostCentersName,Account_CostCenters,1
Get_ContractCustomer,Item_Unit,1
Get_ContractCustomer,Item_Items,1
Get_ContractCustomer,Contract_Store,1
Get_ContractCustomer,Account_CustSup,1
Get_ContractActive_DisActive,Item_Unit,1
Get_ContractActive_DisActive,Item_Items,1
Get_ContractActive_DisActive,Contract_Store,1
Get_ContractActive_DisActive,Account_CustSup,1
Get_Averg_AllItems,Item_Items,1
Get_Averg_AllItems,Get_AvergItem,1
Get_AvergItemByTable,Get_AvergItem,1
Get_AvergItemByTable,Averg_Item,1
Get_AvergItem,Tran_Type,1
Get_AvergItem,TblSetting,1
Get_Item_BySearchPurchases,Item_Items,1
Get_AvergItem,Order_TransferToBranch,1
Get_AvergItem,Order_TransferFromBranchDetails,1
Get_AvergItem,Order_TransferFromBranch,1
Get_AvergItem,Order_RecItemDetails,1
Get_AvergItem,Order_RecItem,1
Get_AvergItem,Order_PurchasesReturnDetails,1
Get_AvergItem,Order_PurchasesReturn,1
Get_AvergItem,Order_PurchasesDetails,1
Get_AvergItem,Order_Purchases,1
Get_AvergItem,Order_PaymentItemDetails,1
Get_AvergItem,Order_PaymentItem,1
Get_AvergItem,Order_OrdersDetails,1
Get_AvergItem,Order_Orders,1
Get_AvergItem,Order_OrderReturnDetails,1
Get_AvergItem,Order_OrderReturn,1
Get_AvergItem,Order_TransferToBranchDetails,1
Get_Item_BySearchPurchases,Account_Stores,1
Get_Item_BySearchOpenQauntity,Order_OpenQuantityDetails,1
Get_Item_BySearchOpenQauntity,Item_Unit,1
Get_Item_BySearchOpenQauntity,Item_Items,1
Get_Item_BySearchOpenQauntity,Account_Stores,1
Get_Item_ByItemCode,Item_Unit,1
Get_Item_ByItemCode,Item_Items,1
Get_Item_ByID,TblSetting,1
Get_Item_ByID,Item_Unit,1
Get_Item_ByID,Item_Items,1
Get_Item_ByID,Account_Stores,1
Get_Item_ByCodeALL,TblSetting,1
Get_Item_ByCodeALL,Item_Unit,1
Get_Item_ByCodeALL,Item_Items,1
Get_Item_ByCodeALL,Account_Stores,1
Get_Currency_Dividing,TblSetting,1
Get_Cust_Guarantee,Account_CustSup,1
Get_Cust_Guarantee,Contract_Store,1
Get_Cust_Guarantee,Item_Items,1
Get_Cust_Guarantee,Item_Unit,1
Get_EmployeeAllowances,Emp_Allowances,1
Get_EmployeeAllowances,Emp_Employee,1
Get_EmployeeAllowances,EmployeeAllowances,1
Get_ItemGroupToPrintCashierItem,Printers,1
Get_ExitItems_ByContractID,Scaffold_ExitPermission,1
Get_ExitItems_ByContractID,Scaffold_ExitPermissionDetails,1
Get_ItemGroupToPrintCashier,Item_Groups,1
Get_ItemGroupToPrintCashier,Item_Items,1
Get_ItemGroupToPrintCashier,Order_OrdersDetails,1
Get_ItemGroupToPrintCashier,Printers,1
Get_ItemGroupToPrintCashierItem,Item_Items,1
Get_ItemGroupToPrintCashierItem,Order_OrdersDetails,1
Get_ExitItems_ByContractID,Item_Items,1
Insert_Order_Restaurant_TakeAway,Insert_Tran_Tran,1
Insert_Order_Restaurant_TakeAway,Insert_Order_OrdersDetails_Restaurant_A,1
Insert_Order_Restaurant_TakeAway,INSERT_Tran_TranDetails,1
Insert_Order_Restaurant_TakeAway,Account_DefualtAccount2,1
Insert_Order_Restaurant_TakeAway,Account_CustSup,1
Insert_Order_Restaurant_TakeAway,Account_Accounts,1
Insert_Order_Restaurant_Delivery,Restaurant_Delivery,1
Insert_Order_Restaurant_A,Update_Table_A,1
Insert_Order_Restaurant_A,Update_Room_A,1
Insert_Order_Restaurant_A,Order_Orders,1
Insert_Order_Restaurant_A,Items_Orders_Restaurant,1
Insert_Order_Restaurant_A,Insert_Tran_Tran,1
Insert_Order_Restaurant_A,Insert_Order_Restaurant_Delivery,1
Insert_Order_Restaurant_A,Insert_Order_OrdersDetails_Restaurant_A,1
Insert_Order_Restaurant_A,INSERT_Tran_TranDetails,1
Get_Supplier_Items_Scaffold,Scaffold_ExitPermissionDetails,1
Insert_Order_PurchasesDetails,TblSetting,1
Insert_Order_PurchasesDetails,Order_PurchasesDetails,1
Insert_Order_PurchasesDetails,Items_Purches,1
Insert_Order_PurchasesDetails,Item_Items,1
Insert_Order_PurchasesDetails,ItemQuantity_IN,1
Insert_Order_PurchasesDetails,ItemComponentQuantity_IN,1
Insert_Order_PurchasesDetails,Get_AvergItem,1
Insert_Order_Purchases,Order_Purchases,1
Insert_Order_Purchases,Items_Purches,1
Insert_Order_Purchases,Insert_Tran_Tran,1
Insert_Order_Purchases,Insert_Order_PurchasesDetails,1
Insert_Order_Purchases,INSERT_Tran_TranDetails,1
Insert_Order_Purchases,Account_DefualtAccount2,1
Insert_Order_Purchases,Account_CustSup,1
Insert_Order_Purchases,Account_Accounts,1
Insert_Order_Restaurant_A,Account_DefualtAccount2,1
Ledger_Account_ByItems,Account_Branch,1
Ledger_Account_ByGroups,Tran_TranDetails,1
Ledger_Account_ByGroups,Tran_Tran,1
Ledger_Account_ByGroups,Account_Accounts,1
Print_Order_Orders_Res,Item_Items,1
Ledger_AccountDetails,Tran_Tran,1
Ledger_AccountDetails,DatePart,1
Ledger_Account,User_Login,1
Ledger_Account,Tran_Type,1
Ledger_Account,Tran_TranDetails,1
Ledger_Account,Tran_Tran,1
Ledger_Account,Order_PurchasesReturn,1
Ledger_Account,Order_Purchases,1
Ledger_Account,Order_Orders,1
Ledger_Account,Order_OrderReturn,1
Insert_Order_Restaurant_TakeAway,Items_Orders_Restaurant,1
Insert_Tran_Tran,Tran_Tran,1
InvoiceTax,Item_Items,1
InvoiceTax,Order_Orders,1
InvoiceTax,Order_OrdersDetails,1
ItemComponentQuantity_IN,ItemQuantity,1
ItemComponentQuantity_IN,Item_ItemComponent,1
ItemComponentQuantity_Out,ItemQuantity,1
Ledger_Account,DatePart,1
ItemQuantity_IN,ItemQuantity,1
ItemQuantity_IN,Item_Items,1
ItemQuantity_Out,ItemQuantity,1
ItemQuantity_Out,Item_Items,1
Ledger_Account,Account_Branch,1
Ledger_Account,Account_CostCenters,1
Ledger_Account,Account_CustSup,1
Ledger_Account,Account_SalesMan,1
ItemComponentQuantity_Out,Item_ItemComponent,1
Insert_Order_Order_ALL,Account_Accounts,1
Insert_OpenQuantityDetails,Order_OpenQuantityDetails,1
Insert_OpenQuantityDetails,Items_OpenQuantity,1
Insert_OpenQuantityDetails,Item_Items,1
Insert_OpenQuantityDetails,ItemQuantity_IN,1
Insert_OpenQuantityDetails,ItemComponentQuantity_IN,1
Insert_OpenQuantityDetails,Get_AvergItem,1
Insert_OpenQuantity,Order_OpenQuantity,1
Insert_OpenQuantity,Items_OpenQuantity,1
Insert_OpenQuantity,Insert_OpenQuantityDetails,1
Insert_ItemsByExecl,ItemsFromExcel,1
Insert_ItemsByExecl,Item_Items,1
Insert_Item_Unit,Item_Unit,1
Insert_GardDetails,Order_GardDetails,1
Insert_GardDetails,Items_Gard,1
Insert_Order_OrdersDetails_Restaurant_A,TblSetting,1
Get_virginByStatuse,Account_CustSup,1
Get_virginByStatuse,Virg_AppType,1
Get_virginByStatuse,Virg_Company,1
Get_virginByStatuse,Virg_Franchise,1
Get_virginByStatuse,Virg_Master,1
Get_virginByStatuse,Virg_MasterDetails,1
Get_virginByStatuse,Virg_Statuse,1
Insert_GardDetails,ItemQuantity,1
Get_virginByStatuse,Virg_Virgins,1
Get_virginByStatuse,Virg_branch,1
INSERT_Tran_TranDetails,Tran_TranDetails,1
InsertDataExcelToSql,CreateTableType,1
InsertDataExcelToSql,Drop_Procedures_And_Type,1
Insert_Gard,Insert_GardDetails,1
Insert_Gard,Items_Gard,1
Insert_Gard,Order_Gard,1
Get_virginByStatuse,Virg_Type,1
Insert_Order_OrdersDetails_Restaurant_A,Order_OrdersDetails,1
Insert_Order_OrdersDetails_Restaurant_A,Items_Orders_Restaurant,1
Insert_Order_OrdersDetails_Restaurant_A,Item_Items,1
Insert_Order_OrdersDetails_Restaurant_A,ItemQuantity_Out,1
Insert_Order_OrdersDetails_Restaurant_A,ItemQuantity_IN,1
Insert_Order_OrdersDetails_Restaurant_A,ItemComponentQuantity_Out,1
Insert_Order_OrdersDetailsDraft,TblSetting,1
Insert_Order_OrdersDetailsDraft,Order_OrdersDetailsDraft,1
Insert_Order_OrdersDetailsDraft,Items_Orders,1
Insert_Order_OrdersDetailsDraft,Item_Items,1
Insert_Order_OrdersDetails,TblSetting,1
Insert_Order_OrdersDetails,Order_OrdersDetails,1
Insert_Order_OrdersDetails,Items_Orders,1
Insert_Order_OrdersDetails,Item_Items,1
Insert_Order_OrdersDetails,ItemQuantity_Out,1
Insert_Order_Order_ALL,Account_CustSup,1
Insert_Order_Order_ALL,Account_DefualtAccount2,1
Insert_Order_Order_ALL,INSERT_Tran_TranDetails,1
Insert_Order_Order_ALL,Insert_Order_OrdersDetails,1
Insert_Order_Order_ALL,Insert_Tran_Tran,1
Insert_Order_Order_ALL,Items_Orders,1
Insert_Order_Order_ALL2,Account_Accounts,1
Insert_Order_Order_ALL2,Account_CustSup,1
Insert_Order_OrdersDetails,ItemQuantity_IN,1
Insert_Order_Order_ALL2,INSERT_Tran_TranDetails,1
Insert_Order_Order_ALL2,Insert_Order_OrdersDetails,1
Insert_Order_Order_ALL2,Insert_Tran_Tran,1
Insert_Order_Order_ALL2,Items_Orders,1
Insert_Order_Order_ALL2,Order_Orders,1
Insert_Order_Order_ALL_Draft,Insert_Order_OrdersDetailsDraft,1
Insert_Order_Order_ALL_Draft,Items_Orders,1
Insert_Order_OrdersDetails,ItemComponentQuantity_Out,1
Insert_Order_Order_ALL2,Account_DefualtAccount2,1
UPDATE_ItemProfit,Item_Class,1
SetPriv_DebitBalance,ufn_FindReports,1
SetPriv_DebitBalance,ViewAccountsLastLeve,1
SetPriv_DebitBalance,TempTrialBalanceByTotal,1
SetPriv_CreditBalance,ufn_FindReports,1
SetPriv_CreditBalance,ViewAccountsLastLeve,1
SetPriv_CreditBalance,TempTrialBalanceByTotal,1
SetDebitBalance,ufn_FindReports,1
SetDebitBalance,ViewAccountsLastLeve,1
SetDebitBalance,TempTrialBalanceByTotal,1
SetCreditBalance,ufn_FindReports,1
SetCreditBalance,ViewAccountsLastLeve,1
SetCreditBalance,TempTrialBalanceByTotal,1
SetBudgetBalanceMiddleAll,ufn_FindReports,1
SetBudgetBalanceMiddleAll,View_Budget_TempTranMaterDetails,1
Print_Order_Orders_Res,Order_Orders,1
Select_Virgins,Virg_Company,1
Select_Virgins,Virg_Master,1
Select_Virgins,Virg_MasterDetails,1
Select_Virgins,Virg_Type,1
Select_Virgins,Virg_Virgins,1
Select_scaffold_PriceOffer,scaffold_PriceOffer,1
SetActivate,TblSetting,1
SetBudgetBalanceMiddle,ufn_FindReports,1
SetBudgetBalanceFirst,ufn_FindReports,1
SetBudgetBalanceFirstAll,View_Budget_TempTranMaterDetails,1
SetBudgetBalanceFirstAll,ufn_FindReports,1
SetBudgetBalanceLast,View_Budget_TempTranMaterDetails,1
SetBudgetBalanceLast,ufn_FindReports,1
SetBudgetBalanceLastAll,View_Budget_TempTranMaterDetails,1
SetBudgetBalanceLastAll,ufn_FindReports,1
SetBudgetBalanceMiddle,View_Budget_TempTranMaterDetails,1
SetBudgetBalanceFirst,View_Budget_TempTranMaterDetails,1
Update_Order_Order_ALL2,Delete_Order_OrdersDetails,1
Update_Order_Order_ALL2,Account_DefualtAccount2,1
Update_Order_Order_ALL2,Account_CustSup,1
Update_Order_Order_ALL2,Account_Accounts,1
Update_Order_Order_ALL,Update_Tran_Tran,1
Update_Order_Order_ALL,Order_Orders,1
Update_Order_Order_ALL,Items_Orders,1
Update_Order_Order_ALL,Insert_Order_OrdersDetails,1
Update_Order_Order_ALL,INSERT_Tran_TranDetails,1
Update_Order_Order_ALL,Delete_Tran_TranDetails,1
Update_Order_Order_ALL,Delete_Order_OrdersDetails,1
Update_Order_Order_ALL,Account_DefualtAccount2,1
Update_Order_Order_ALL,Account_CustSup,1
Update_Order_Order_ALL,Account_Accounts,1
Update_OpenQuantity,Order_OpenQuantity,1
UPDATE_ItemProfit,Item_Company,1
UPDATE_ItemProfit,Item_Groups,1
UPDATE_ItemProfit,Item_Items,1
UpdateCsr,TblSetting,1
UpdateCsr,User_Login,1
UpdateOrderCosts,Item_Items,1
UpdateOrderCosts,Order_Orders,1
UpdateOrderCosts,Order_OrdersDetails,1
Update_OpenQuantity,Items_OpenQuantity,1
UpdateOrderCosts,Tran_TranDetails,1
UpdateOrderCostsAll,Item_Items,1
UpdateOrderCostsAll,Order_Orders,1
UpdateOrderCostsAll,Order_OrdersDetails,1
UpdateOrderCostsAll,Tran_Tran,1
UpdateOrderCostsAll,Tran_TranDetails,1
Update_OpenQuantity,Delete_Order_OpenQuantityDetails,1
Update_OpenQuantity,Insert_OpenQuantityDetails,1
UpdateOrderCosts,Tran_Tran,1
Select_Remember,TblRemember,1
Select_Order_Transfer_Master,Order_Transfer_TrackingType,1
Select_Order_Transfer_Master,Order_Transfer_StatusType,1
Select_Order_Transfer_Master,Order_Transfer_Master,1
Select_Order_Transfer_Master,Account_Branch,1
Select_Order_Transfer_Master,Account_AccountType,1
Select_Order_TransferToBranch,Order_TransferToBranch,1
Select_Order_TransferToBranch,Account_AccountType,1
Select_Order_TransferFromBranch,Order_TransferFromBranch,1
Select_Order_TransferFromBranch,Account_AccountType,1
Select_Order_StoreTransfer,Order_StoreTransfer,1
Select_Order_StoreTransfer,Account_Stores,1
Select_Order_Reservation,Order_Reservation,1
Select_Order_Reservation,Account_CustSup,1
Select_Order_RecItem,Order_RecItem,1
Select_Virgins,User_Login,1
Select_Order_OrdersDraft,Account_AccountType,1
Select_Order_OrdersDraft,Halls,1
Select_Order_OrdersDraft,Order_OrdersDraft,1
Select_Order_OrdersDraft,Order_Reservations,1
Select_Order_OrdersDraft,RoundDividingData,1
Select_Order_PaymentItem,Order_PaymentItem,1
Select_Order_PriceOffer,Account_AccountType,1
Select_Order_PurchasesReturn,Order_PurchasesReturn,1
Select_Order_PriceOffer,Order_PriceOffer,1
Select_Order_PriceOffer,PriceOffer_Reservations,1
Select_Order_Purchases,Account_AccountType,1
Select_Order_Purchases,Order_Purchases,1
Select_Order_Purchases,RoundDividingData,1
Select_Order_PurchasesOrder,Account_AccountType,1
Select_Order_PurchasesOrder,Order_PurchasesOrder,1
Select_Order_PurchasesReturn,Account_AccountType,1
Select_Order_PriceOffer,Halls,1
Select_Virgins,Account_CustSup,1
Select_Search_Account_Receipts,CashReceiptsType,1
Select_Search_Account_Receipts,Account_ReceiptsDetails,1
Select_Search_Account_Receipts,Account_Receipts,1
Select_Search_Account_Receipts,Account_Branch,1
Select_Search_Account_Receipts,Account_Accounts,1
Select_SearchAccount_ByAccountNumber,Account_Type,1
Select_SearchAccount_ByAccountNumber,Account_Accounts,1
Select_SearchAccountTranTempDetailsByCode,Tran_TranTempDetails,1
Select_SearchAccountTranTemp,Tran_TranTemp,1
Select_SearchAccountTranTemp,Account_Branch,1
Select_SearchAccountTranDetailsByCode,Tran_TranDetails,1
Select_SearchAccountTran,Tran_TranDetails,1
Select_SearchAccountTran,Tran_Tran,1
Select_SearchAccountTran,Account_Branch,1
Select_Scaffold_EntryPermission,Scaffold_EntryPermission,1
Select_Scaffold_ExitPermission,Scaffold_ExitPermission,1
Select_Scaffolds_Contract,Scaffolds_Contract,1
Select_Scaffolds_ContractNotMinutesStarted,Scaffolds_Contract,1
Select_Scaffolds_ContractNotMinutesStarted,Scaffolds_MinutesStarted,1
Select_Scaffolds_MinutesEnd,Scaffolds_MinutesEnd,1
Select_Scaffolds_MinutesStarted,Scaffolds_MinutesStarted,1
Select_SearchAccount,Account_Accounts,1
Select_SearchAccountReceiptForAccountTree,Account_Type,1
Select_SearchAccountCostCenter,Account_CostCenters,1
Select_SearchAccountCostCenterAll,Account_CostCenters,1
Select_SearchAccountCostCenterByProject,Account_CostCenters,1
Select_SearchAccountCostCenterByProject,Account_ProjectsDetails,1
Select_SearchAccountProjects,Account_Projects,1
Select_SearchAccountReceipt,Account_Accounts,1
Select_SearchAccountReceipt,Account_Type,1
Select_SearchAccountReceiptForAccountTree,Account_Accounts,1
Select_SearchAccount,Account_Type,1
api_Get_TableDetails,Restaurant_Table,1
api_Get_TableDetails,Print_Order_OrdersAfterReturn,1
api_Get_RoomDetails,Restaurant_Room,1
api_Get_RoomDetails,Print_Order_OrdersAfterReturn,1
api_GetAllRestaurant_TableByPause,Restaurant_Table,1
api_GetAllRestaurant_Table,Restaurant_Table,1
api_GetAllRestaurant_RoomByPause,Restaurant_Room,1
api_GetAllRestaurant_Room,Restaurant_Room,1
api_GetAllItemsByGategories,Item_Items,1
api_GetAllBranches,Account_Branch,1
api_CategoriesGetAllGategories,Item_Groups,1
View_TrialBalanceByTotal,View_Distinct_AccountSn_TempTran,1
View_TrialBalanceByTotal,SetPriv_DebitBalance,1
View_TrialBalanceByTotal,SetPriv_CreditBalance,1
View_TrialBalanceByTotal,SetDebitBalance,1
Update_Order_Order_ALL2,Delete_Tran_TranDetails,1
ViewAccount_Data_Tree,GetParentPath,1
ViewAccountsLastLeve,Account_Accounts,1
View_Budget_TempTranMaterDetails,Account_Accounts,1
View_Budget_TempTranMaterDetails,GetParentPath,1
View_Budget_TempTranMaterDetails,TempBudget,1
View_Distinct_AccountSn_TempTran,GetTreeNodeLevel,1
View_Distinct_AccountSn_TempTran,TempTranMaterDetails,1
View_TrialBalanceByTotal,SetCreditBalance,1
View_New_CostCenter,ViewTranCostCenters,1
AccountCharge,Account_Accounts,1
View_TempTranMaterDetails,Temp_Accounts,1
View_Temp_Acc_Budget,TempBudget,1
View_TranDetails,Account_Accounts,1
View_TranDetails,Tran_Tran,1
View_TranDetails,Tran_TranDetails,1
View_TrialBalance,TempTranMaterDetails,1
View_New_CostCenter,Account_CostCenters,1
Account_YearEnd,Order_ManufacturingOrder,1
Account_YearEnd,Order_ManufacturingDetailsNew,1
Account_YearEnd,Order_ManufacturingDetailsItems,1
Account_YearEnd,Order_Manufacturing,1
Account_YearEnd,Order_InventorySettlementMinusDetails,1
Account_YearEnd,Order_InventorySettlementMinus,1
Account_YearEnd,Order_CheckoutOrdersDetails,1
Account_YearEnd,Order_CheckoutOrders,1
Account_YearEnd,OrderRent_RentDetails,1
Account_YearEnd,OrderRent_Rent,1
Account_YearEnd,OrderRent_RecpitDetails,1
Account_YearEnd,OrderRent_Recipt,1
Account_YearEnd,OrderDalala_SendingDetails,1
Account_YearEnd,OrderDalala_Sending,1
Account_YearEnd,OrderDalala_DalalaDetails,1
api_Login,User_Login,1
Account_YearEnd,AccountYearEndClosing,1
Account_YearEnd,Account_ReceiptsDetails,1
Account_YearEnd,AddTemp_Budget,1
Account_YearEnd,Contract_Contract,1
Account_YearEnd,Contract_ContractDetails,1
Account_YearEnd,Contract_Guarantee,1
Account_YearEnd,Contract_GuaranteeDetails,1
Account_YearEnd,OrderDalala_Dalala,1
AccountYearEndClosing_credit,AccountYearEndClosing,1
Account_YearEnd,Emp_Payroll,1
Account_YearEnd,Emp_PayrollDetails,1
Account_YearEnd,Emp_PayrollTemp,1
Account_YearEnd,GetBeginningInventoryID,1
Account_YearEnd,GetCapitalAccountID,1
Account_YearEnd,GetEndingInventoryID,1
Account_YearEnd,GetProfitAndLossID,1
Account_YearEnd,Contract_Store,1
Update_Order_Restaurant_B,Update_Table_A,1
Update_Order_Restaurant_B,Update_Room_A,1
Update_Order_Restaurant_B,Tran_TranDetails,1
Update_Order_Restaurant_B,Tran_Tran,1
Update_Order_Restaurant_B,Order_Orders,1
Update_Order_Restaurant_B,Items_Orders_Restaurant,1
Update_Order_Restaurant_B,Insert_Tran_Tran,1
Update_Order_Restaurant_B,Insert_Order_OrdersDetails_Restaurant_A,1
Update_Order_Restaurant_B,INSERT_Tran_TranDetails,1
Update_Order_Restaurant_B,Delete_Tran_TranDetails,1
Update_Order_Restaurant_B,Account_DefualtAccount2,1
Update_Order_Purchases,Update_Tran_Tran,1
Update_Order_Purchases,Order_Purchases,1
Update_Order_Purchases,Items_Purches,1
Update_Order_Purchases,Insert_Order_PurchasesDetails,1
ViewAccount_Data_Tree,Account_Type,1
Update_Order_Order_ALL2,INSERT_Tran_TranDetails,1
Update_Order_Order_ALL2,Insert_Order_OrdersDetails,1
Update_Order_Order_ALL2,Items_Orders,1
Update_Order_Order_ALL2,Order_Orders,1
Update_Order_Order_ALL2,Update_Tran_Tran,1
Update_Order_Order_ALL_Draft,Account_DefualtAccount2,1
Update_Order_Order_ALL_Draft,Delete_Order_OrdersDetailsDraft,1
Update_Order_Purchases,INSERT_Tran_TranDetails,1
Update_Order_Order_ALL_Draft,Items_Orders,1
Update_Order_Order_ALL_Draft,Order_Orders,1
Update_Order_Order_ALL_Draft,Order_OrdersDraft,1
Update_Order_Purchases,Account_Accounts,1
Update_Order_Purchases,Account_CustSup,1
Update_Order_Purchases,Account_DefualtAccount2,1
Update_Order_Purchases,Delete_Order_PurchasesDetails,1
Update_Order_Purchases,Delete_Tran_TranDetails,1
Update_Order_Order_ALL_Draft,Insert_Order_OrdersDetailsDraft,1
ViewAccount_Data_Tree,Account_Suspended,1
ViewAccount_Data_Tree,Account_Nature,1
ViewAccount_Data_Tree,Account_Final,1
ViewAccount_Data_Tree,Account_Accounts,1
ViewAccount_Data,Tran_TranDetails,1
ViewAccount_Data,GetParentPath,1
ViewAccount_Data,CleanField,1
ViewAccount_Data,Account_Type,1
ViewAccount_Data,Account_Suspended,1
ViewAccount_Data,Account_Nature,1
ViewAccount_Data,Account_Final,1
ViewAccount_Data,Account_Accounts,1
Update_Tran_Tran,Tran_Tran,1
Update_Table_A,Restaurant_Table,1
Update_Room_A,Restaurant_Room,1
Update_Order_Restaurant_B,Update_Tran_Tran,1
Update_Restaurant_Mahly,Account_DefualtAccount2,1
Update_Restaurant_Mahly,Delete_Tran_TranDetails,1
Update_Restaurant_Mahly,INSERT_Tran_TranDetails,1
Update_Restaurant_Mahly,Insert_Tran_Tran,1
Update_Restaurant_Mahly,Order_OrderReturn,1
Update_Restaurant_Mahly,Order_Orders,1
Update_Restaurant_Mahly,Restaurant_Room,1
Update_Restaurant_Tawsel,Tran_Tran,1
Update_Restaurant_Mahly,Tran_Tran,1
Update_Restaurant_Mahly,Tran_TranDetails,1
Update_Restaurant_Mahly,Update_Tran_Tran,1
Update_Restaurant_Tawsel,Account_DefualtAccount2,1
Update_Restaurant_Tawsel,Delete_Tran_TranDetails,1
Update_Restaurant_Tawsel,INSERT_Tran_TranDetails,1
Update_Restaurant_Tawsel,Order_Orders,1
Update_Restaurant_Tawsel,Restaurant_Delivery,1
Update_Restaurant_Mahly,Restaurant_Table,1
Print_Order_TransferToBranch,Account_Stores,1
Print_Order_TransferToBranch,Account_AccountType,1
Print_Order_TransferFromBranch,RoundDividingData,1
Print_Order_TransferFromBranch,Order_TransferFromBranchDetails,1
Print_Order_TransferFromBranch,Order_TransferFromBranch,1
Print_Order_TransferFromBranch,Item_Unit,1
Print_Order_TransferFromBranch,Item_Items,1
Print_Order_TransferFromBranch,Item_Guarantee,1
Print_Order_TransferFromBranch,Item_Groups,1
Print_Order_TransferFromBranch,Item_Country,1
Print_Order_TransferFromBranch,Account_Stores,1
Print_Order_TransferFromBranch,Account_AccountType,1
Print_Order_StoreTransfer,RoundDividingData,1
Print_Order_StoreTransfer,Order_StoreTransferDetails,1
Print_Order_StoreTransfer,Order_StoreTransfer,1
Select_Order_Orders,RoundDividingData,1
Print_Order_Rent,OrderRent_Rent,1
Print_Order_Rent,OrderRent_RentDetails,1
Print_Order_Rent,RoundDividingData,1
Print_Order_Rent,User_Login,1
Print_Order_Rent_Recipt,Account_Stores,1
Print_Order_Rent_Recipt,Item_Country,1
Print_Order_Rent_Recipt,Item_Groups,1
Print_Order_StoreTransfer,Item_Unit,1
Print_Order_Rent_Recipt,Item_Items,1
Print_Order_Rent_Recipt,Item_Unit,1
Print_Order_Rent_Recipt,OrderRent_Recipt,1
Print_Order_Rent_Recipt,OrderRent_RecpitDetails,1
Print_Order_Rent_Recipt,RoundDividingData,1
Print_Order_Rent_Recipt,User_Login,1
Print_Order_StoreTransfer,Item_Groups,1
Print_Order_StoreTransfer,Item_Items,1
Print_Order_Rent_Recipt,Item_Guarantee,1
Print_RentalInvoice,Item_Groups,1
Print_RentalInvoice,Item_Country,1
Print_RentalInvoice,Account_Stores,1
Print_RentalExpenses,RentalExpensesDetails,1
Print_RentalExpenses,RentalExpenses,1
Print_Recipt3,User_Login,1
Print_Recipt3,RoundDividingData,1
Print_Recipt3,OrderRent_RecpitDetails3,1
Print_Recipt3,OrderRent_Recipt3,1
Print_Recipt3,Item_Unit,1
Print_Recipt3,Item_Items,1
Print_Recipt3,Item_Guarantee,1
Print_Recipt3,Item_Groups,1
Print_Recipt3,Item_Country,1
Print_Recipt3,Account_Stores,1
Print_Order_TransferToBranch,Item_Country,1
Print_Order_TransferToBranch,Item_Groups,1
Print_Order_TransferToBranch,Item_Guarantee,1
Print_Order_TransferToBranch,Item_Items,1
Print_Order_TransferToBranch,Item_Unit,1
Print_Order_TransferToBranch,Order_TransferToBranch,1
Print_Order_TransferToBranch,Order_TransferToBranchDetails,1
Print_Order_TransferToBranch,RoundDividingData,1
Print_PriceShowRentalInvoice,User_Login,1
Print_PriceShowRentalInvoice,Item_Country,1
Print_PriceShowRentalInvoice,Item_Groups,1
Print_PriceShowRentalInvoice,Item_Guarantee,1
Print_PriceShowRentalInvoice,Item_Items,1
Print_PriceShowRentalInvoice,Item_Unit,1
Print_PriceShowRentalInvoice,Orders_PriceShowRental,1
Print_PriceShowRentalInvoice,Ordert_PriceShowRentalDetails,1
Print_PriceShowRentalInvoice,RoundDividingData,1
Print_PriceShowRentalInvoice,Account_Stores,1
Print_Order_Purchases,Item_Unit,1
Print_Order_Purchases,Item_Items,1
Print_Order_Purchases,Account_Stores,1
Print_Order_Purchases,Account_SalesMan,1
Print_Order_Purchases,Account_CustSup,1
Print_Order_Purchases,Account_AccountType,1
Print_Order_PriceOffer,RoundDividingData,1
Print_Order_PriceOffer,Order_PriceOfferDetails,1
Print_Order_PriceOffer,Order_PriceOffer,1
Print_Order_PriceOffer,Item_Unit,1
Print_Order_PriceOffer,Item_Items,1
Print_Order_PriceOffer,Item_Guarantee,1
Print_Order_PriceOffer,Item_Country,1
Print_Order_PriceOffer,Account_Stores,1
Print_Order_PriceOffer,Account_CustSup,1
Print_Order_Rent,Item_Unit,1
Print_Order_Orders_Res,Item_Unit,1
Print_Order_Orders_Res,Order_OrderReturn,1
Get_AvergItem,Order_OpenQuantityDetails,1
Print_Order_Orders_Res,Order_OrdersDetails,1
Print_Order_Orders_Res,Restaurant_Type,1
Print_Order_Orders_Res,RoundDividingData,1
Print_Order_Orders_Res,User_Login,1
Print_Order_PriceOffer,Account_AccountType,1
Print_Order_PaymentItem,Item_Country,1
Print_Order_PaymentItem,Item_Groups,1
Print_Order_PaymentItem,Item_Guarantee,1
Print_Order_PaymentItem,Item_Items,1
Print_Order_PaymentItem,Item_Unit,1
Print_Order_PaymentItem,Order_PaymentItem,1
Print_Order_PaymentItem,Order_PaymentItemDetails,1
Print_Order_PaymentItem,RoundDividingData,1
Print_Order_PaymentItem,Account_Stores,1
Print_Order_Rent,Item_Items,1
Print_Order_Rent,Item_Guarantee,1
Print_Order_Rent,Item_Groups,1
Print_Order_Rent,Item_Country,1
Print_Order_Rent,Account_Stores,1
Print_Order_RecItem,RoundDividingData,1
Print_Order_RecItem,Order_RecItemDetails,1
Print_Order_RecItem,Order_RecItem,1
Print_Order_RecItem,Item_Unit,1
Print_Order_RecItem,Item_Items,1
Print_Order_RecItem,Item_Guarantee,1
Print_Order_RecItem,Item_Groups,1
Print_Order_RecItem,Item_Country,1
Print_Order_RecItem,Account_Stores,1
Print_Order_PurchasesReturn,RoundDividingData,1
Print_Order_Purchases,Order_Purchases,1
Print_Order_Purchases,Order_PurchasesDetails,1
Print_Order_Purchases,RoundDividingData,1
Print_Order_PurchasesOrder,Account_AccountType,1
Print_Order_PurchasesOrder,Account_Stores,1
Print_Order_PurchasesOrder,Item_Items,1
Print_Order_PurchasesOrder,Item_Unit,1
Print_Order_PurchasesOrder,Order_PurchasesOrder,1
Print_Order_PurchasesReturn,Order_PurchasesReturnDetails,1
Print_Order_PurchasesOrder,RoundDividingData,1
Print_Order_PurchasesReturn,Account_AccountType,1
Print_Order_PurchasesReturn,Account_CustSup,1
Print_Order_PurchasesReturn,Account_SalesMan,1
Print_Order_PurchasesReturn,Account_Stores,1
Print_Order_PurchasesReturn,Item_Items,1
Print_Order_PurchasesReturn,Item_Unit,1
Print_Order_PurchasesReturn,Order_PurchasesReturn,1
Print_Order_PurchasesOrder,Order_PurchasesOrderDetails,1
Select_ItemQuantity_ByProperties,Account_Stores,1
Select_ItemQuantity,RoundDividingData,1
Select_ItemQuantity,Item_Unit,1
Select_ItemQuantity,Item_Type,1
Select_ItemQuantity,Item_Items,1
Select_ItemQuantity,Item_Company,1
Select_ItemQuantity,ItemQuantity,1
Select_ItemQuantity,Account_Stores,1
Select_Contract_Guarantee,Contract_Guarantee,1
Select_Contract_Contract,Contract_Contract,1
Select_Car_Receive,Contract_Bounce,1
Select_Car_Receive,Car_Receive,1
Select_Car_Receive,Account_CustSup,1
Select_BarCodePurchase,Order_PurchasesDetails,1
Select_BarCodePurchase,Item_Items,1
Print_RentalInvoice,Item_Guarantee,1
RoundDividingData,Get_Currency_Dividing,1
SELECT_Contract_EJAR,Contract_EJAR,1
SELECT_Contract_EJAR_Search,Contract_EJAR,1
SearchNameCus_Sup,Account_CustSup,1
Select_AccountCustomer,Account_CustSup,1
Select_AccountCustomer,Account_DefualtCustomer,1
Select_AccountDefualt,Account_Accounts,1
Select_BarCodePurchase,Item_Company,1
Select_Account_CusTailor,Account_CustSup,1
Select_Account_CusTailor,Account_CustTailor,1
Select_BarCode,Item_Company,1
Select_BarCode,Item_Items,1
Select_BarCode,TblSetting,1
Select_BarCodeExpireOpenQuantity,Item_Company,1
Select_BarCodeExpireOpenQuantity,Item_Items,1
Select_BarCodeExpireOpenQuantity,Order_OpenQuantityDetails,1
Select_AccountDefualt,Account_DefualtAccount2,1
Select_Order_Orders,Order_Reservations,1
Select_Order_Orders,Order_Orders,1
Select_Order_Orders,Halls,1
Select_Order_Orders,Account_AccountType,1
Select_Order_OrderReturn,Order_OrderReturn,1
Select_Order_OrderReturn,Account_AccountType,1
Select_Order_OpenQuantity,Order_OpenQuantity,1
Select_Order_ManufacturingOrder,Order_ManufacturingOrder,1
Select_Order_Manufacturing,Order_Manufacturing,1
Select_Order_InventorySettlementMinus,Order_InventorySettlementMinus,1
Select_Order_CheckoutOrders,Order_CheckoutOrders,1
Select_Order_CheckoutOrders,Account_AccountType,1
Select_OrderRent_Rent,OrderRent_Rent,1
Select_OrderRent_Rent,OrderRent_Recipt,1
Select_OrderGard,Order_GardDetails,1
Select_ItemQuantity_ByProperties,ItemQuantity,1
Select_ItemQuantity_ByProperties,Item_Class,1
Select_ItemQuantity_ByProperties,Item_Company,1
Select_ItemQuantity_ByProperties,Item_Items,1
Select_ItemQuantity_ByProperties,Item_Type,1
Select_ItemQuantity_ByProperties,Item_Unit,1
Select_ItemQuantity_ByProperties,RoundDividingData,1
Select_ItemQuantity_Only,Account_Stores,1
Select_OrderGard,Item_Items,1
Select_ItemQuantity_Only,Item_Groups,1
Select_ItemQuantity_Only,Item_Items,1
Select_ItemQuantity_Only,Item_Unit,1
Select_ItemQuantity_Only,RoundDividingData,1
Select_OrderDalala_Dalala,Account_AccountType,1
Select_OrderDalala_Dalala,OrderDalala_Dalala,1
Select_OrderDalala_Sending,OrderDalala_Sending,1
Select_OrderGard,Account_Stores,1
Select_ItemQuantity_Only,ItemQuantity,1
Print_Scaffolds_MinutesStarted,Item_Items,1
Print_Scaffolds_MinutesEnd,Scaffolds_MinutesEndDetails,1
Print_Scaffolds_MinutesEnd,Scaffolds_MinutesEnd,1
Print_Scaffolds_MinutesEnd,Item_Items,1
Print_Scaffolds_Contract,Scaffolds_ContractDetails,1
Print_Scaffolds_Contract,Scaffolds_Contract,1
Print_Scaffolds_Contract,RoundDividingData,1
Print_Scaffolds_Contract,Item_Unit,1
Print_Scaffolds_Contract,Item_Items,1
Print_Scaffolds_Contract,Item_Guarantee,1
Print_Scaffolds_Contract,Item_Groups,1
Print_Scaffolds_Contract,Item_Country,1
Print_Scaffold_PriceOffer,Scaffold_PriceOfferDetails,1
Print_Scaffold_PriceOffer,Scaffold_PriceOffer,1
Print_Scaffold_PriceOffer,RoundDividingData,1
RoundByBranch,Get_Currency_Dividing,1
Print_RentalInvoice,Item_Items,1
Print_RentalInvoice,Item_Unit,1
Print_RentalInvoice,Orders_RentalInvoice,1
Print_RentalInvoice,Ordert_RentalInvoiceDetails,1
Print_RentalInvoice,RoundDividingData,1
Print_RentalInvoice,User_Login,1
Print_Scaffold_EntryPermission,Item_Items,1
Print_Scaffold_PriceOffer,Item_Unit,1
Print_Scaffold_EntryPermission,Scaffold_EntryPermissionDetails,1
Print_Scaffold_ExitPermission,Item_Items,1
Print_Scaffold_ExitPermission,Scaffold_ExitPermission,1
Print_Scaffold_ExitPermission,Scaffold_ExitPermissionDetails,1
Print_Scaffold_PriceOffer,Item_Country,1
Print_Scaffold_PriceOffer,Item_Groups,1
Print_Scaffold_PriceOffer,Item_Guarantee,1
Print_Scaffold_PriceOffer,Item_Items,1
Print_Scaffold_EntryPermission,Scaffold_EntryPermission,1
Report_DailyOrderByDate,RoundDividingData,1
Report_DailyOrderByDate,Order_Orders,1
Report_DailyOrderByDate,Order_OrderReturn,1
Report_CloseDayByUser,User_Login,1
Report_CloseDayByUser,User_DayClose,1
Report_AllOrdersCheckOut,Order_Orders,1
Report_AllOrdersCheckOut,Order_CheckoutOrders,1
ReportMizanCustSupp,Tran_TranDetails,1
ReportMizanCustSupp,Tran_Tran,1
ReportMizanCustSupp,Account_Accounts,1
RepairDB,Order_Purchases,1
RepairDB,Order_OrdersDetails,1
RepairDB,Item_Items,1
RebuildCGEAllIndexes,RebuildAllIndexes,1
ProfitAndLossAll,TempTranMaterDetails,1
Print_Scaffolds_MinutesStarted,Scaffolds_MinutesStarted,1
Print_Scaffolds_MinutesStarted,Scaffolds_MinutesStartedDetails,1
Print_SearchAccountTranDetailsByCode,Account_Accounts,1
Print_SearchAccountTranDetailsByCode,Account_Branch,1
Print_SearchAccountTranDetailsByCode,RoundDividingData,1
Print_SearchAccountTranDetailsByCode,Tran_Tran,1
Print_SearchAccountTranDetailsByCode,Tran_TranDetails,1
Print_SearchAccountTranTempDetailsByCode,Account_Accounts,1
ProfitAndLossAll,Account_Accounts,1
Print_SearchAccountTranTempDetailsByCode,RoundDividingData,1
Print_SearchAccountTranTempDetailsByCode,Tran_TranTempDetails,1
Processing_OF_Profits,Get_Averg_AllItems,1
Processing_OF_Profits,Item_Items,1
Processing_OF_Profits,Order_Orders,1
Processing_OF_Profits,Order_OrdersDetails,1
ProfitAndLoss,Account_Accounts,1
ProfitAndLoss,TempTranMaterDetails,1
Print_SearchAccountTranTempDetailsByCode,Account_Branch,1
GetBeginningInventoryID,Account_DefualtAccount2,1
GetBalanceGroupAccounts,ViewTranMaterDetails,1
GetBalanceGroupAccounts,Subtraction,1
GetBalanceGroupAccounts,Get_AfterRoots,1
GetBalanceGroupAccounts,DatePart,1
GetBalanceGroupAccounts,Account_Accounts,1
GetAllitems_Alternatives,Item_Items,1
GetAllitems_Alternatives,ItemQuantity,1
GetAllBranches,Account_Branch,1
GetAccountTree,Account_Type,1
GetAccountTree,Account_Suspended,1
GetAccountTree,Account_Nature,1
GetAccountTree,Account_Final,1
GetAccountTree,Account_Accounts,1
GetAccountPath,Temp_Accounts,1
Get_AvergItem,Order_ManufacturingDetailsItems,1
Delete_Order_PurchasesDetails,ItemQuantity_Out,1
Delete_Order_PurchasesDetails,Item_Items,1
Delete_Order_PurchasesDetails,Order_PurchasesDetails,1
Delete_Order_Purchases_ALL,Delete_Order_Purchases,1
Delete_Order_Purchases_ALL,Delete_Order_PurchasesDetails,1
Delete_Order_Purchases_ALL,Delete_Tran_Tran,1
Delete_Order_Purchases_ALL,Delete_Tran_TranDetails,1
GetAccountPath,Get_AfterRoots,1
Delete_Tran_Tran,Tran_Tran,1
Delete_Tran_TranDetails,Tran_TranDetails,1
Fix_Item,Item_Items,1
GetAccountBalance,Account_Accounts,1
GetAccountBalance,Account_CustSup,1
GetAccountBalance,Tran_TranDetails,1
GetAccountBalanceByAccID,Account_Accounts,1
GetAccountBalanceByAccID,Tran_TranDetails,1
Delete_Order_Purchases_ALL,Tran_Tran,1
GetOrderDetailsWithReturns,Item_Items,1
GetOrderDetailsWithReturns,Account_Stores,1
GetOrderDetailsByInvoiceID,Order_OrdersDetails,1
GetOrderDetailsByInvoiceID,Order_OrderReturnDetails,1
GetOrderDetailsByInvoiceID,Order_OrderReturn,1
GetOrderDetailsByInvoiceID,Item_Unit,1
GetOrderDetailsByInvoiceID,Item_Items,1
GetOrderDetailsByInvoiceID,Account_Stores,1
GetLedger_Employee,Tran_TranDetails,1
GetLedger_Employee,Tran_Tran,1
GetLastOrderDetailsByItemID,Order_OrdersDetails,1
GetLastOrderDetailsByItemID,Order_Orders,1
GetItemQuantityByBranch,Item_Items,1
GetItemQuantityByBranch,ItemQuantity,1
GetItemQuantityByBranch,Account_Stores,1
GetBudgetBalance,View_Budget_TempTranMaterDetails,1
GetBudgetBalance,ufn_FindReports,1
GetBudgetBalance2,View_Budget_TempTranMaterDetails,1
GetBudgetBalance2,ufn_FindReports,1
GetBudgetBalanceAll,View_Budget_TempTranMaterDetails,1
GetBudgetBalanceAll,ufn_FindReports,1
GetCapitalAccountID,Account_DefualtAccount2,1
GetCostCenterDetails,Account_Accounts,1
GetItemQuantityByBranch,Account_Branch,1
GetCostCenterDetails,Tran_Tran,1
GetCostCenterDetails,Tran_TranDetails,1
GetCsrZakat,TblSetting,1
GetCsrZakat,User_Login,1
GetDataForZakatToCrm,TblSetting,1
GetDataForZakatToCrm,User_Login,1
GetEndingInventoryID,Account_DefualtAccount2,1
GetItemDetails,Item_Items,1
GetCostCenterDetails,Account_CostCenters,1
Cloud,Order_Orders,1
Cloud,ItemQuantity,1
ClearEmptyDB,Virg_Type,1
ClearEmptyDB,Virg_Statuse,1
ClearEmptyDB,Virg_MasterDetails,1
ClearEmptyDB,Virg_Master,1
ClearEmptyDB,Virg_Franchise,1
ClearEmptyDB,Virg_Company,1
ClearEmptyDB,Virg_Branch,1
ClearEmptyDB,Virg_AppType,1
ClearEmptyDB,User_Login,1
ClearEmptyDB,User_DayClose,1
ClearEmptyDB,Tran_TranTempDetails,1
ClearEmptyDB,Tran_TranTemp,1
ClearEmptyDB,Tran_TranDetails,1
Delete_Order_PurchasesDetails,ItemComponentQuantity_Out,1
ClearEmptyDB,Order_RecItem,1
ClearEmptyDB,Order_RecItemDetails,1
ClearEmptyDB,Order_StoreTransfer,1
ClearEmptyDB,Order_StoreTransferDetails,1
ClearEmptyDB,Order_TransferFromBranch,1
ClearEmptyDB,Order_TransferFromBranchDetails,1
ClearEmptyDB,Order_TransferToBranch,1
ClearEmptyDB,Tran_Tran,1
ClearEmptyDB,Orders_PriceShowRental,1
ClearEmptyDB,Orders_RentalInvoice,1
ClearEmptyDB,Ordert_PriceShowRentalDetails,1
ClearEmptyDB,Ordert_RentalInvoiceDetails,1
ClearEmptyDB,Restaurant_Delivery,1
ClearEmptyDB,Restaurant_Room,1
ClearEmptyDB,Restaurant_Table,1
ClearEmptyDB,TblRemember,1
ClearEmptyDB,Order_TransferToBranchDetails,1
Delete_Order_Purchases,Order_Purchases,1
Delete_Order_OrdersDraft,Order_OrdersDraft,1
Delete_Order_OrdersDetailsDraft,Order_OrdersDetailsDraft,1
Delete_Order_OrdersDetailsDraft,Order_OrdersDetails,1
Delete_Order_OrdersDetails,TblSetting,1
Delete_Order_OrdersDetails,Order_OrdersDetails,1
Delete_Order_OrdersDetails,Item_Items,1
Delete_Order_OrdersDetails,ItemQuantity_Out,1
Delete_Order_OrdersDetails,ItemQuantity_IN,1
Delete_Order_OrdersDetails,ItemComponentQuantity_IN,1
Delete_Order_Orders,Order_Orders,1
Delete_Order_Order_ALL_Draft,Delete_Order_OrdersDraft,1
Delete_Order_Order_ALL_Draft,Delete_Order_OrdersDetailsDraft,1
Delete_Order_Order_ALL,Tran_Tran,1
Delete_Order_Order_ALL,Delete_Tran_TranDetails,1
Cloud,Order_OrdersDetails,1
DebtReconstruction,Account_Accounts,1
DebtReconstruction,Account_CustSup,1
DebtReconstruction,Account_Receipts,1
DebtReconstruction,Account_ReceiptsDetails,1
DebtReconstruction,Order_OrderReturn,1
DebtReconstruction,Order_Orders,1
DebtReconstruction,value,1
Delete_Order_Order_ALL,Delete_Tran_Tran,1
Delete_Order_OpenQuantityDetails,ItemComponentQuantity_Out,1
Delete_Order_OpenQuantityDetails,ItemQuantity_Out,1
Delete_Order_OpenQuantityDetails,Item_Items,1
Delete_Order_OpenQuantityDetails,Order_OpenQuantityDetails,1
Delete_Order_OpenQuantity_ALL,Delete_Order_OpenQuantity,1
Delete_Order_OpenQuantity_ALL,Delete_Order_OpenQuantityDetails,1
Delete_Order_Order_ALL,Delete_Order_Orders,1
Delete_Order_Order_ALL,Delete_Order_OrdersDetails,1
Delete_Order_OpenQuantity,Order_OpenQuantity,1
GetReport_MovementAllItemActive,Order_Orders,1
GetReport_MovementAllItemActive,Order_OrderReturnDetails,1
GetReport_MovementAllItemActive,Order_OrderReturn,1
GetReport_MovementAllItemActive,Order_InventorySettlementMinusDetails,1
GetReport_MovementAllItemActive,Order_InventorySettlementMinus,1
GetReport_MovementAllItemActive,Order_GardDetails,1
GetReport_MovementAllItemActive,Order_Gard,1
GetReport_MovementAllItemActive,Item_Unit,1
GetReport_MovementAllItemActive,Item_Items,1
GetReport_ItemsMenu,RoundDividingData,1
GetReport_ItemsMenu,Item_Items,1
GetReport_ItemsMenu,Item_Groups,1
GetReport_Guarantee,User_Login,1
GetReport_Guarantee,RoundDividingData,1
GetReport_Guarantee,Contract_Guarantee,1
GetOrderDetailsWithReturns,Item_Unit,1
GetReport_CostCenters,Get_CostCentersName,1
GetReport_CostCenters,RoundDividingData,1
GetReport_CostCenters,Subtraction,1
GetReport_CostCenters,ViewTranMaterDetails,1
GetReport_CostCentersByFather,Account_CostCenters,1
GetReport_CostCentersByFather,RoundDividingData,1
GetReport_CostCentersByFather,ViewTranMaterDetails,1
GetReport_Guarantee,Account_Branch,1
GetReport_EmployeeSales,DatePart,1
GetReport_EmployeeSales,Order_OrderReturn,1
GetReport_EmployeeSales,Order_Orders,1
GetReport_EmployeeSales,User_Login,1
GetReport_EmployeeSales_2,Account_Branch,1
GetReport_EmployeeSales_2,Order_OrderReturn,1
GetReport_EmployeeSales_2,Order_Orders,1
GetReport_EmployeeSales_2,User_Login,1
GetReport_EmployeeSales,Account_Branch,1
GetReport_MovementAllItemActive_Summary,Order_TransferFromBranchDetails,1
GetReport_MovementAllItemActive_Summary,Order_TransferFromBranch,1
GetReport_MovementAllItemActive_Summary,Order_RecItemDetails,1
GetReport_MovementAllItemActive_Summary,Order_RecItem,1
GetReport_MovementAllItemActive_Summary,Order_PurchasesReturnDetails,1
GetReport_MovementAllItemActive_Summary,Order_PurchasesReturn,1
GetReport_MovementAllItemActive_Summary,Order_PurchasesDetails,1
GetReport_MovementAllItemActive_Summary,Order_Purchases,1
GetReport_MovementAllItemActive_Summary,Order_PaymentItemDetails,1
GetReport_MovementAllItemActive_Summary,Order_PaymentItem,1
GetReport_MovementAllItemActive_Summary,Order_OrdersDetails,1
GetReport_MovementAllItemActive_Summary,Order_Orders,1
GetReport_MovementAllItemActive_Summary,Order_OrderReturnDetails,1
GetReport_MovementAllItemActive_Summary,Order_OrderReturn,1
GetReport_MovementAllItemActive_Summary,Order_InventorySettlementMinusDetails,1
GetReport_MovementAllItemActive,Order_OrdersDetails,1
GetReport_MovementAllItemActive,Order_PaymentItem,1
GetReport_MovementAllItemActive,Order_PaymentItemDetails,1
GetReport_MovementAllItemActive,Order_Purchases,1
GetReport_MovementAllItemActive,Order_PurchasesDetails,1
GetReport_MovementAllItemActive,Order_PurchasesReturn,1
GetReport_MovementAllItemActive,Order_PurchasesReturnDetails,1
GetReport_MovementAllItemActive,Order_RecItem,1
GetReport_MovementAllItemActive_Summary,Order_InventorySettlementMinus,1
GetReport_MovementAllItemActive,Order_TransferFromBranch,1
GetReport_MovementAllItemActive,Order_TransferFromBranchDetails,1
GetReport_MovementAllItemActive,Order_TransferToBranch,1
GetReport_MovementAllItemActive,Order_TransferToBranchDetails,1
GetReport_MovementAllItemActive,Tran_Type,1
GetReport_MovementAllItemActive_Summary,Item_Items,1
GetReport_MovementAllItemActive_Summary,Order_Gard,1
GetReport_MovementAllItemActive_Summary,Order_GardDetails,1
GetReport_MovementAllItemActive,Order_RecItemDetails,1
GetQuantityFromItem_ByItemCode_StoreId,ItemQuantity,1
GetProfitAndLossID,Account_DefualtAccount2,1
GetPrinter_ID_Name,Printers,1
GetPrinter_ID_Name,Item_Items,1
GetPrinter_ID_Name,Item_Groups,1
GetPriceOffersWithDetails,Order_PriceOfferDetails,1
GetPriceOffersWithDetails,Order_PriceOffer,1
GetPriceOffersWithDetails,Item_Unit,1
GetPriceOffersWithDetails,Item_Items,1
GetPriceOffersWithDetails,Account_Stores,1
GetParentPath,GetParentPath,1
GetParentPath,Account_Accounts,1
GetOrdersWithDetailsDraft,Order_OrdersDraft,1
GetOrdersWithDetailsDraft,Order_OrdersDetailsDraft,1
GetOrdersWithDetailsDraft,Item_Unit,1
GetReport_CostCenters,GetViewCostCentersPrivtDebitBalance,1
GetOrderDetailsWithReturns,Order_OrderReturnDetails,1
GetOrderDetailsWithReturns,Order_Orders,1
GetOrderDetailsWithReturns,Order_OrdersDetails,1
GetOrderRentalDetails,OrderRent_Recipt3,1
GetOrderRentalDetails,Orders_RentalInvoice,1
GetOrderReservations,Halls,1
GetOrderReservations,Order_Orders,1
GetOrdersWithDetailsDraft,Item_Items,1
GetOrdersWithDetails,Account_AccountType,1
GetOrdersWithDetails,Account_Stores,1
GetOrdersWithDetails,Item_Items,1
GetOrdersWithDetails,Item_Unit,1
GetOrdersWithDetails,Order_Orders,1
GetOrdersWithDetails,Order_OrdersDetails,1
GetOrdersWithDetailsDraft,Account_AccountType,1
GetOrdersWithDetailsDraft,Account_Stores,1
GetOrderReservations,Order_Reservations,1
GetReport_CostCenters,GetViewCostCentersPrivtCreditBalance,1
GetReport_CostCenters,Account_CostCenters,1
GetReport_Contract,User_Login,1
GetReport_Contract,RoundDividingData,1
GetReport_Contract,Contract_Contract,1
GetReport_Contract,Contract_Bounce,1
GetReport_Contract,Account_Branch,1
GetReport_Car,Contract_Bounce,1
GetReport_Car,Car_Receive,1
GetReport_Car,Account_CustSup,1
GetReport_Car,Account_AccountType,1
GetReport_BounceContract,RoundDividingData,1
GetReport_BounceContract,Contract_Contract,1
GetReport_BounceContract,Contract_Bounce,1
GetReportItemLimit,RoundDividingData,1
GetQuantityFromItem_ByItemCode_StoreId,Item_Items,1
GetQuantityFromItem_ByItemCode_StoreId,Item_Unit,1
GetRecpitInvoiceDetails,Item_Items,1
GetRecpitInvoiceDetails,OrderRent_Recipt3,1
GetRecpitInvoiceDetails,OrderRent_RecpitDetails3,1
GetRentalInvoiceDetails,Item_Items,1
GetRentalInvoiceDetails,Orders_RentalInvoice,1
GetRentalInvoiceDetails,Ordert_RentalInvoiceDetails,1
GetReportItemLimit,Item_Items,1
GetRented,Item_Items,1
GetRented,Orders_RentalInvoice,1
GetRented,Ordert_RentalInvoiceDetails,1
GetRepairWithDetails,Repairs_Groups,1
GetRepairWithDetails,Repairs_Malfunctions,1
GetRepairWithDetails,Repairs_Repair,1
GetRepairWithDetails,Repairs_RepairDetails,1
GetReportItemLimit,ItemQuantity,1
GetRented,ItemQuantity,1
AddTempTrialBalance_New,Get_Currency_Dividing,1
AddTempTrialBalance_New,DatePart,1
AddTempTrialBalance_New,Account_Accounts,1
AddTempTrialBalanceByTotal,View_TrialBalanceByTotal,1
AddTempTrialBalanceByTotal,ViewTranMaterDetails,1
AddTempTrialBalanceByTotal,TempTranMaterDetails,1
AddTempTrialBalanceByTotal,Subtraction,1
AddTempTrialBalanceByTotal,RoundDividingData,1
AddTempTrialBalanceByTotal,GetTrialBalance,1
AddTempTrialBalanceByTotal,DatePart,1
AddTempTrialBalanceByTotal,Account_Accounts,1
AddTempTranMaterDetails,ViewTranMaterDetails,1
AddTempTranMaterDetails,Subtraction,1
AddTempTranMaterDetails,RoundDividingData,1
AddTempTranMaterDetails,GetViewPrivtDebitBalance,1
ClearEmptyDB,Order_PurchasesReturnDetails,1
Account_YearEnd,Tran_TranDetails,1
Account_YearEnd,Tran_TranTemp,1
Account_YearEnd,Tran_TranTempDetails,1
Account_YearEnd,User_DayClose,1
Account_YearEnd,User_Login,1
Account_YearEnd,View_AccountYearEndClosing_Debit,1
Account_YearEnd,View_New_CostCenter,1
AddTempTranMaterDetails,GetViewPrivtCreditBalance,1
AddTempAgeingAnalysis,Account_Accounts,1
AddTempAgeingAnalysis,DatePart,1
AddTempAgeingAnalysis,TempAgeingAnalysis,1
AddTempAgeingAnalysis,Temp_Accounts,1
AddTempAgeingAnalysis,Tran_TranDetails,1
AddTempAgeingAnalysis,ViewTranMaterDetails,1
AddTempTranMaterDetails,Account_Accounts,1
AddTempTranMaterDetails,DatePart,1
Account_YearEnd,View_Temp_Acc_Budget,1
App_FiscalYearState,App_FiscalYearState,1
AddTemp_BudgetAllBranch,View_Budget_AccountsDataFunAll,1
AddTemp_BudgetAllBranch,ViewTranMaterDetails,1
AddTemp_BudgetAllBranch,TempBudget,1
AddTemp_BudgetAllBranch,Subtraction,1
AddTemp_BudgetAllBranch,SetBudgetBalanceMiddleAll,1
AddTemp_BudgetAllBranch,SetBudgetBalanceLastAll,1
AddTemp_BudgetAllBranch,SetBudgetBalanceFirstAll,1
AddTemp_BudgetAllBranch,RoundDividingData,1
AddTemp_BudgetAllBranch,ProfitAndLossAll,1
AddTemp_BudgetAllBranch,Get_Currency_Dividing,1
AddTemp_BudgetAllBranch,Get_AccountBalnceDebitALL,1
AddTemp_BudgetAllBranch,Get_AccountBalnceCreditALL,1
AddTemp_BudgetAllBranch,Account_DefualtAccount2,1
AddTemp_BudgetAllBranch,Account_Accounts,1
AddTempTrialBalance_New,RoundDividingData,1
AddTempTrialBalance_New,Subtraction,1
AddTempTrialBalance_New,TempTranMaterDetails,1
AddTempTrialBalance_New,ViewTranMaterDetails,1
AddTemp_Budget,Account_Accounts,1
AddTemp_Budget,Account_DefualtAccount2,1
AddTemp_Budget,Get_AccountBalnceCredit,1
AddTemp_Budget,Get_AccountBalnceDebit,1
AddTemp_Budget,View_Budget_AccountsDataFun,1
AddTemp_Budget,ProfitAndLoss,1
AddTemp_Budget,RoundDividingData,1
AddTemp_Budget,SetBudgetBalanceFirst,1
AddTemp_Budget,SetBudgetBalanceLast,1
AddTemp_Budget,SetBudgetBalanceMiddle,1
AddTemp_Budget,Subtraction,1
AddTemp_Budget,TempBudget,1
AddTemp_Budget,ViewTranMaterDetails,1
AddTemp_Budget,Get_Currency_Dividing,1
View_Budget_Accounts,GetTreeNodeLevel,1
View_Budget_Accounts,GetParentPath,1
View_Budget_Accounts,GetBudgetBalance,1
View_Budget_Accounts,Account_Accounts,1
View_AccountsLastLeve,ViewAccount_Data,1
View_AccountsLastLeve,Account_Accounts,1
View_AccountYearEndClosing_Debit,AccountYearEndClosing,1
ViewTran_TranDetails,Tran_Type,1
ViewTran_TranDetails,Tran_TranDetails,1
ViewTran_TranDetails,Tran_Tran,1
ViewTran_TranDetails,CleanField,1
ViewTran_TranDetails,Account_CostCenters,1
ViewTran_TranDetails,Account_Accounts,1
ViewTranMaterDetails,Tran_Type,1
ViewTranMaterDetails,Tran_TranDetails,1
Account_YearEnd,Tran_Tran,1
Account_YearEnd,Account_CostCenters,1
Account_YearEnd,Account_Receipts,1
ViewTranMaterDetails,Subtraction,1
Account_YearEnd,Order_ManufacturingOrderDetails,1
View_TempTranMaterDetails,TempTranMaterDetails,1
View_Budget_AccountsDataFunAll,GetTreeNodeLevel,1
Account_YearEnd,DatePart,1
ViewTranMaterDetails,Tran_Tran,1
ViewAccountsLastLeve,ViewAccount_Data,1
ViewCostCenters_Data_Tree,Account_CostCenters,1
ViewTranCostCenters,Tran_TranDetails,1
ViewTranMaterDetails,Account_Accounts,1
ViewTranMaterDetails,Account_CostCenters,1
ViewTranMaterDetails,CleanField,1
ViewTranMaterDetails,GetTranBalnce,1
Account_YearEnd,AccountYearEndClosing_credit,1
ufn_FindReports,Account_Accounts,1
Account_YearEnd,Restaurant_Table,1
Account_YearEnd,Restaurant_Room,1
Account_YearEnd,Restaurant_Delivery,1
Account_YearEnd,Order_TransferToBranchDetails,1
Account_YearEnd,Order_TransferToBranch,1
Account_YearEnd,Order_TransferFromBranchDetails,1
Account_YearEnd,Order_TransferFromBranch,1
Account_YearEnd,Order_StoreTransferDetails,1
Account_YearEnd,Order_StoreTransfer,1
Account_YearEnd,Order_PurchasesReturnDetails,1
Account_YearEnd,Order_PurchasesReturn,1
Account_YearEnd,Order_PurchasesOrderDetails,1
Account_YearEnd,Order_PurchasesOrder,1
Account_YearEnd,Order_PurchasesDetails,1
Account_YearEnd,Order_Purchases,1
View_Budget_AccountsDataFun,Account_Accounts,1
View_Budget_AccountsDataFun,GetBudgetBalance,1
View_Budget_AccountsDataFun,GetParentPath,1
View_Budget_AccountsDataFun,GetTreeNodeLevel,1
View_Budget_AccountsDataFunAll,Account_Accounts,1
View_Budget_AccountsDataFunAll,GetBudgetBalanceAll,1
View_Budget_AccountsDataFunAll,GetParentPath,1
AccountCharge,Tran_TranDetails,1
Account_YearEnd,Order_PriceOfferDetails,1
Account_YearEnd,Order_OpenQuantityDetails,1
Account_YearEnd,Order_OrderReturn,1
Account_YearEnd,Order_OrderReturnDetails,1
Account_YearEnd,Order_Orders,1
Account_YearEnd,Order_OrdersDetails,1
Account_YearEnd,Order_PaymentItem,1
Account_YearEnd,Order_PaymentItemDetails,1
Account_YearEnd,Order_PriceOffer,1
Account_YearEnd,Order_OpenQuantity,1
ClearEmptyDB,Item_Items,1
ClearEmptyDB,Item_ItemComponent,1
ClearEmptyDB,Item_Guarantee,1
ClearEmptyDB,Item_Groups,1
ClearEmptyDB,Item_Country,1
ClearEmptyDB,Item_Company,1
ClearEmptyDB,Item_Class,1
ClearEmptyDB,ItemQuantity,1
ClearEmptyDB,Emp_PayrollTemp,1
ClearEmptyDB,Emp_PayrollDetails,1
ClearEmptyDB,Emp_Payroll,1
ClearEmptyDB,Contract_Store,1
ClearEmptyDB,Contract_GuaranteeDetails,1
ClearEmptyDB,Contract_Guarantee,1
ClearEmptyDB,Contract_ContractDetails,1
ClearDB,Account_Accounts,1
ClearDB,Tran_TranTemp,1
ClearDB,Tran_TranTempDetails,1
ClearDB,User_DayClose,1
ClearDB,User_Login,1
ClearDB,Virg_AppType,1
ClearDB,Virg_Branch,1
ClearDB,Virg_Company,1
ClearEmptyDB,Contract_Contract,1
ClearDB,Virg_Master,1
ClearDB,Virg_MasterDetails,1
ClearDB,Virg_Statuse,1
ClearDB,Virg_Type,1
ClearEmptyDB,Account_Accounts,1
ClearEmptyDB,Account_Receipts,1
ClearEmptyDB,Account_ReceiptsDetails,1
ClearEmptyDB,Car_Receive,1
ClearDB,Virg_Franchise,1
ClearEmptyDB,Order_PurchasesReturn,1
ClearEmptyDB,Order_PurchasesOrderDetails,1
ClearEmptyDB,Order_PurchasesOrder,1
ClearEmptyDB,Order_PurchasesDetails,1
ClearEmptyDB,Order_Purchases,1
ClearEmptyDB,Order_PriceOfferDetails,1
ClearEmptyDB,Order_PriceOffer,1
ClearEmptyDB,Order_PaymentItemDetails,1
ClearEmptyDB,Order_PaymentItem,1
ClearEmptyDB,Order_OrdersDetails,1
ClearEmptyDB,Order_Orders,1
ClearEmptyDB,Order_OrderReturnDetails,1
ClearEmptyDB,Order_OrderReturn,1
ClearEmptyDB,Order_OpenQuantityDetails,1
ClearEmptyDB,Order_OpenQuantity,1
ClearEmptyDB,Item_Unit,1
ClearEmptyDB,OrderRent_Recipt,1
ClearEmptyDB,OrderRent_Recipt3,1
ClearEmptyDB,OrderRent_RecpitDetails,1
ClearEmptyDB,OrderRent_RecpitDetails3,1
ClearEmptyDB,OrderRent_Rent,1
ClearEmptyDB,OrderRent_RentDetails,1
ClearEmptyDB,Order_CheckoutOrders,1
ClearEmptyDB,Order_ManufacturingOrderDetails,1
ClearEmptyDB,Order_Gard,1
ClearEmptyDB,Order_GardDetails,1
ClearEmptyDB,Order_InventorySettlementMinus,1
ClearEmptyDB,Order_InventorySettlementMinusDetails,1
ClearEmptyDB,Order_Manufacturing,1
ClearEmptyDB,Order_ManufacturingDetailsItems,1
ClearEmptyDB,Order_ManufacturingDetailsNew,1
ClearEmptyDB,Order_ManufacturingOrder,1
ClearEmptyDB,Order_CheckoutOrdersDetails,1
ClearDB,Order_ManufacturingDetailsNew,1
ClearDB,Order_ManufacturingDetailsItems,1
ClearDB,Order_Manufacturing,1
ClearDB,Order_InventorySettlementMinusDetails,1
ClearDB,Order_InventorySettlementMinus,1
ClearDB,Order_GardDetails,1
ClearDB,Order_Gard,1
ClearDB,Order_CheckoutOrdersDetails,1
ClearDB,Order_CheckoutOrders,1
ClearDB,OrderRent_RentDetails,1
ClearDB,OrderRent_Rent,1
ClearDB,OrderRent_RecpitDetails3,1
ClearDB,OrderRent_RecpitDetails,1
ClearDB,OrderRent_Recipt3,1
ClearDB,OrderRent_Recipt,1
ClearDB,Tran_TranDetails,1
ClearDB,Account_Receipts,1
ClearDB,Account_ReceiptsDetails,1
ClearDB,Car_Receive,1
ClearDB,Contract_Contract,1
ClearDB,Contract_ContractDetails,1
ClearDB,Contract_Guarantee,1
ClearDB,Contract_GuaranteeDetails,1
ClearDB,OrderDalala_SendingDetails,1
ClearDB,Emp_Payroll,1
ClearDB,Emp_PayrollDetails,1
ClearDB,Emp_PayrollTemp,1
ClearDB,Emp_PayrollTempDetails,1
ClearDB,ItemQuantity,1
ClearDB,OrderDalala_Dalala,1
ClearDB,OrderDalala_DalalaDetails,1
ClearDB,OrderDalala_Sending,1
ClearDB,Contract_Store,1
ClearDB,Order_RecItem,1
ClearDB,Order_RecItemDetails,1
ClearDB,Order_StoreTransfer,1
ClearDB,Order_StoreTransferDetails,1
ClearDB,Order_TransferFromBranch,1
ClearDB,Order_TransferFromBranchDetails,1
ClearDB,Order_TransferToBranch,1
ClearDB,Order_ManufacturingOrder,1
ClearDB,Orders_PriceShowRental,1
ClearDB,Orders_RentalInvoice,1
ClearDB,Ordert_PriceShowRentalDetails,1
ClearDB,Ordert_RentalInvoiceDetails,1
ClearDB,Restaurant_Delivery,1
ClearDB,Restaurant_Room,1
ClearDB,Restaurant_Table,1
ClearDB,Tran_Tran,1
ClearDB,Order_TransferToBranchDetails,1
ClearDB,Order_ManufacturingOrderDetails,1
ClearDB,Order_OpenQuantity,1
ClearDB,Order_OpenQuantityDetails,1
ClearDB,Order_OrderReturn,1
ClearDB,Order_OrderReturnDetails,1
ClearDB,Order_Orders,1
ClearDB,Order_OrdersDetails,1
ClearDB,Order_PurchasesReturnDetails,1
ClearDB,Order_PaymentItemDetails,1
ClearDB,Order_PriceOffer,1
ClearDB,Order_PriceOfferDetails,1
ClearDB,Order_Purchases,1
ClearDB,Order_PurchasesDetails,1
ClearDB,Order_PurchasesOrder,1
ClearDB,Order_PurchasesOrderDetails,1
ClearDB,Order_PurchasesReturn,1
ClearDB,Order_PaymentItem,1
GetReport_Project,Account_Projects,1
GetReport_Project,Account_CostCenters,1
GetReport_Orders_CashierSafryMahly,User_Login,1
GetReport_Orders_CashierSafryMahly,Order_Orders,1
GetReport_Orders_CashierSafryMahly,Account_Branch,1
GetReport_Orders_CashierSafryMahly,Account_AccountType,1
GetReport_Orders_ByProperties,User_Login,1
GetReport_Orders_ByProperties,RoundDividingData,1
GetReport_Orders_ByProperties,Order_OrdersDetails,1
GetReport_Orders_ByProperties,Order_Orders,1
GetReport_Orders_ByProperties,Item_Items,1
GetReport_Orders_ByProperties,Item_Groups,1
GetReport_Orders_ByProperties,Item_Company,1
GetReport_Orders_ByProperties,Item_Class,1
GetReport_Orders_ByProperties,Account_Stores,1
GetReport_MovementAllItemActive_Summary,Order_TransferToBranch,1
GetReport_OrdersReturnBySalesMan,Account_AccountType,1
GetReport_OrdersReturnBySalesMan,Account_Branch,1
GetReport_OrdersReturnBySalesMan,Account_CustSup,1
GetReport_OrdersReturnBySalesMan,Account_SalesMan,1
GetReport_OrdersReturnBySalesMan,Order_OrderReturn,1
GetReport_OrdersReturnBySalesMan,User_Login,1
GetReport_OrdersReturn_ByProperties,Account_CustSup,1
GetReport_Orders_ByProperties,Account_CustSup,1
GetReport_OrdersReturn_ByProperties,Item_Class,1
GetReport_OrdersReturn_ByProperties,Item_Company,1
GetReport_OrdersReturn_ByProperties,Item_Groups,1
GetReport_OrdersReturn_ByProperties,Item_Items,1
GetReport_OrdersReturn_ByProperties,Order_OrderReturn,1
GetReport_OrdersReturn_ByProperties,Order_OrderReturnDetails,1
GetReport_OrdersReturn_ByProperties,RoundDividingData,1
GetReport_OrdersReturn_ByProperties,User_Login,1
GetReport_OrdersReturn_ByProperties,Account_Stores,1
GetReport_Purches,User_Login,1
GetReport_Purches,RoundDividingData,1
GetReport_Purches,Order_Purchases,1
GetReport_Purches,Account_Branch,1
GetReport_Purches,Account_AccountType,1
GetReport_PurchasesNet_ByProperties,t3,1
GetReport_PurchasesNet_ByProperties,User_Login,1
GetReport_PurchasesNet_ByProperties,RoundDividingData,1
GetReport_PurchasesNet_ByProperties,Order_PurchasesReturnDetails,1
GetReport_PurchasesNet_ByProperties,Order_PurchasesReturn,1
GetReport_PurchasesNet_ByProperties,Order_PurchasesDetails,1
GetReport_PurchasesNet_ByProperties,Order_Purchases,1
GetReport_PurchasesNet_ByProperties,Item_Items,1
GetReport_PurchasesNet_ByProperties,Item_Groups,1
GetReport_PurchasesNet_ByProperties,Item_Company,1
GetReport_Project,Account_ProjectsDetails,1
GetReport_Project,GetViewCostCentersPrivtCreditBalance,1
GetReport_Project,GetViewCostCentersPrivtDebitBalance,1
GetReport_Project,Order_Orders,1
GetReport_Project,RoundDividingData,1
GetReport_Project,Subtraction,1
GetReport_Project,ViewTranMaterDetails,1
GetReport_PurchaesReturnDetails,Account_AccountType,1
GetReport_PurchasesNet_ByProperties,Item_Class,1
GetReport_PurchaesReturnDetails,Account_Stores,1
GetReport_PurchaesReturnDetails,Item_Items,1
GetReport_PurchaesReturnDetails,Item_Unit,1
GetReport_PurchaesReturnDetails,Order_PurchasesReturn,1
GetReport_PurchaesReturnDetails,Order_PurchasesReturnDetails,1
GetReport_PurchaesReturnDetails,RoundDividingData,1
GetReport_PurchasesNet_ByProperties,Account_CustSup,1
GetReport_PurchasesNet_ByProperties,Account_Stores,1
GetReport_PurchaesReturnDetails,Account_Branch,1
GetReport_OrdersNet_ByProperties,Account_CustSup,1
GetReport_OrdersNetPurchOnly_ByProperties,t5,1
GetReport_OrdersNetPurchOnly_ByProperties,User_Login,1
GetReport_OrdersNetPurchOnly_ByProperties,RoundDividingData,1
GetReport_OrdersNetPurchOnly_ByProperties,Order_PurchasesDetails,1
GetReport_OrdersNetPurchOnly_ByProperties,Order_Purchases,1
GetReport_OrdersNetPurchOnly_ByProperties,Order_OrdersDetails,1
GetReport_OrdersNetPurchOnly_ByProperties,Order_Orders,1
GetReport_OrdersNetPurchOnly_ByProperties,Order_OrderReturnDetails,1
GetReport_OrdersNetPurchOnly_ByProperties,Order_OrderReturn,1
GetReport_OrdersNetPurchOnly_ByProperties,Item_Items,1
GetReport_OrdersNetPurchOnly_ByProperties,Item_Groups,1
GetReport_OrdersNetPurchOnly_ByProperties,Item_Company,1
GetReport_OrdersNetPurchOnly_ByProperties,Item_Class,1
GetReport_OrdersNetPurchOnly_ByProperties,Account_Stores,1
GetReport_OrdersReturn,User_Login,1
GetReport_OrdersBounce,Account_AccountType,1
GetReport_OrdersBounce,Account_Branch,1
GetReport_OrdersBounce,Contract_Bounce,1
GetReport_OrdersBounce,Order_Orders,1
GetReport_OrdersBounce,User_Login,1
GetReport_OrdersBySalesMan,Account_AccountType,1
GetReport_OrdersBySalesMan,Account_Branch,1
GetReport_OrdersNetPurchOnly_ByProperties,Account_CustSup,1
GetReport_OrdersBySalesMan,Account_SalesMan,1
GetReport_OrdersBySalesMan,Order_Orders,1
GetReport_OrdersBySalesMan,User_Login,1
GetReport_OrdersDateHold,Account_AccountType,1
GetReport_OrdersDateHold,Account_Branch,1
GetReport_OrdersDateHold,Account_CustSup,1
GetReport_OrdersDateHold,Order_Orders,1
GetReport_OrdersDateHold,User_Login,1
GetReport_OrdersBySalesMan,Account_CustSup,1
GetReport_OrdersReturn,RoundDividingData,1
GetReport_OrdersReturn,Order_OrderReturn,1
GetReport_OrdersReturn,Account_Branch,1
GetReport_OrdersReturn,Account_AccountType,1
GetReport_OrdersPurchNet_ByProperties,t5,1
GetReport_OrdersPurchNet_ByProperties,User_Login,1
GetReport_OrdersPurchNet_ByProperties,RoundDividingData,1
GetReport_OrdersPurchNet_ByProperties,Order_PurchasesReturnDetails,1
GetReport_OrdersPurchNet_ByProperties,Order_PurchasesReturn,1
GetReport_OrdersPurchNet_ByProperties,Order_PurchasesDetails,1
GetReport_OrdersPurchNet_ByProperties,Order_Purchases,1
GetReport_OrdersPurchNet_ByProperties,Order_OrdersDetails,1
GetReport_OrdersPurchNet_ByProperties,Order_Orders,1
GetReport_OrdersPurchNet_ByProperties,Order_OrderReturnDetails,1
GetReport_OrdersPurchNet_ByProperties,Order_OrderReturn,1
GetReport_OrdersNet_ByProperties,Account_Stores,1
GetReport_OrdersNet_ByProperties,Item_Class,1
GetReport_OrdersNet_ByProperties,Item_Company,1
GetReport_OrdersNet_ByProperties,Item_Groups,1
GetReport_OrdersNet_ByProperties,Item_Items,1
GetReport_OrdersNet_ByProperties,Order_OrderReturn,1
GetReport_OrdersNet_ByProperties,Order_OrderReturnDetails,1
GetReport_OrdersNet_ByProperties,Order_Orders,1
GetReport_OrdersPurchNet_ByProperties,Item_Items,1
GetReport_OrdersNet_ByProperties,RoundDividingData,1
GetReport_OrdersNet_ByProperties,User_Login,1
GetReport_OrdersNet_ByProperties,t3,1
GetReport_OrdersPurchNet_ByProperties,Account_CustSup,1
GetReport_OrdersPurchNet_ByProperties,Account_Stores,1
GetReport_OrdersPurchNet_ByProperties,Item_Class,1
GetReport_OrdersPurchNet_ByProperties,Item_Company,1
GetReport_OrdersPurchNet_ByProperties,Item_Groups,1
GetReport_OrdersNet_ByProperties,Order_OrdersDetails,1
GetUnitNameByID,Item_Unit,1
GetTreeNodeLevel,GetTreeNodeLevel,1
GetTreeNodeLevel,Account_Accounts,1
GetTranTeacherByAccountCashBox,Tran_Type,1
GetTranTeacherByAccountCashBox,Tran_TranDetails,1
GetTranTeacherByAccountCashBox,Tran_Tran,1
GetTranTeacherByAccountCashBox,Account_Accounts,1
GetTranTeacher,Tran_Type,1
GetTranTeacher,Tran_TranDetails,1
GetTranTeacher,Tran_Tran,1
GetTranTeacher,RoundDividingData,1
GetTranTeacher,Account_Accounts,1
GetTranBalnce,Tran_TranDetails,1
GetTotal_DalalaQuantity,OrderDalala_DalalaDetails,1
GetTotalMoneyByProjectId,Account_Receipts,1
GetReport_PurchesDetails,Account_AccountType,1
GetRes,Account_Accounts,1
GetRes,Account_CustSup,1
GetRes,Account_Receipts,1
GetRes,Scaffolds_Contract,1
GetTotalAvergForSoreScaffolds_ByItem,ItemQuantity,1
GetTotalAvergForSoreScaffolds_ByItem,Item_Items,1
GetTotalAvergForSoreScaffolds_ByItem,Item_Unit,1
GetTotalAvergForSore_ByItem,RoundDividingData,1
GetTotalAvergForSoreScaffolds_ByItem,RoundDividingData,1
GetTotalAvergForSore_ByGroup,ItemQuantity,1
GetTotalAvergForSore_ByGroup,Item_Groups,1
GetTotalAvergForSore_ByGroup,Item_Items,1
GetTotalAvergForSore_ByGroup,RoundDividingData,1
GetTotalAvergForSore_ByItem,ItemQuantity,1
GetTotalAvergForSore_ByItem,Item_Items,1
GetTotalAvergForSore_ByItem,Item_Unit,1
GetTotalAvergForSoreScaffolds_ByItem,Order_PurchasesDetails,1
Get_AvergItem,Order_OpenQuantity,1
Get_AvergItem,Order_ManufacturingDetailsNew,1
Account_YearEnd,Account_Accounts,1
Get_AvergItem,Order_Manufacturing,1
Get_AvergItem,Order_InventorySettlementMinusDetails,1
Get_AvergItem,Order_InventorySettlementMinus,1
Get_AvergItem,ItemQuantity,1
Get_AvergItem,Account_Branch,1
Get_All_Items,TblSetting,1
Get_All_Items,Item_Items,1
Get_AfterRoots,Account_Accounts,1
Get_Account_Tree,Account_Type,1
Get_Account_Tree,Account_Nature,1
Get_Account_Tree,Account_Final,1
Get_Account_Tree,Account_Accounts,1
GetViewCostCentersPrivtCreditBalance,Account_CostCenters,1
GetViewCostCentersPrivtCreditBalance,DatePart,1
GetViewCostCentersPrivtCreditBalance,ViewTranMaterDetails,1
GetViewCostCentersPrivtDebitBalance,Account_CostCenters,1
GetViewCostCentersPrivtDebitBalance,DatePart,1
GetViewCostCentersPrivtDebitBalance,ViewTranMaterDetails,1
GetViewPrivtCreditBalance,AccountStartBalance,1
GetViewPrivtCreditBalance,DatePart,1
Get_AccountBalnceDebitALL,View_TranDetails,1
GetViewPrivtCreditBalance,Tran_TranDetails,1
GetViewPrivtDebitBalance,AccountStartBalance,1
GetViewPrivtDebitBalance,DatePart,1
GetViewPrivtDebitBalance,Tran_Tran,1
GetViewPrivtDebitBalance,Tran_TranDetails,1
Get_AccountBalnceCredit,View_TranDetails,1
Get_AccountBalnceCreditALL,View_TranDetails,1
Get_AccountBalnceDebit,View_TranDetails,1
GetViewPrivtCreditBalance,Tran_Tran,1
GetReport_Purches_ByProperties,User_Login,1
GetReport_Purches_ByProperties,RoundDividingData,1
GetReport_Purches_ByProperties,Order_PurchasesDetails,1
GetReport_Purches_ByProperties,Order_Purchases,1
GetReport_Purches_ByProperties,Item_Items,1
GetReport_Purches_ByProperties,Item_Groups,1
GetReport_Purches_ByProperties,Item_Company,1
GetReport_Purches_ByProperties,Item_Class,1
GetReport_Purches_ByProperties,Account_Stores,1
GetReport_Purches_ByProperties,Account_CustSup,1
GetReport_PurchesReturn_ByProperties,User_Login,1
GetReport_PurchesReturn_ByProperties,RoundDividingData,1
GetReport_PurchesReturn_ByProperties,Order_PurchasesReturnDetails,1
GetReport_PurchesReturn_ByProperties,Order_PurchasesReturn,1
GetReport_PurchesReturn_ByProperties,Item_Items,1
GetReport_Wedding,spt_values,1
GetReport_PurchesDetails,Account_Branch,1
GetReport_PurchesDetails,Account_Stores,1
GetReport_PurchesDetails,Item_Items,1
GetReport_PurchesDetails,Item_Unit,1
GetReport_PurchesDetails,Order_Purchases,1
GetReport_PurchesDetails,Order_PurchasesDetails,1
GetReport_PurchesDetails,RoundDividingData,1
GetReport_PurchesReturn_ByProperties,Item_Groups,1
GetReport_PurchesReturn,Account_Branch,1
GetReport_PurchesReturn,Order_PurchasesReturn,1
GetReport_PurchesReturn,RoundDividingData,1
GetReport_PurchesReturn,User_Login,1
GetReport_PurchesReturn_ByProperties,Account_CustSup,1
GetReport_PurchesReturn_ByProperties,Account_Stores,1
GetReport_PurchesReturn_ByProperties,Item_Class,1
GetReport_PurchesReturn_ByProperties,Item_Company,1
GetReport_PurchesReturn,Account_AccountType,1
GetReport_Wedding,Order_Orders,1
GetReport_VatReport,Order_PurchasesReturnDetails,1
GetReport_VatReport,Order_PurchasesReturn,1
GetReport_VatReport,Order_PurchasesDetails,1
GetReport_VatReport,Order_Purchases,1
GetReport_VatReport,Order_OrdersDetails,1
GetReport_VatReport,Order_Orders,1
GetReport_VatReport,Order_OrderReturnDetails,1
GetReport_VatReport,Order_OrderReturn,1
GetReport_VatReport,Account_ReceiptsDetails,1
GetReport_VatReport,Account_Receipts,1
GetReport_TransActionItems,Order_TransferToBranchDetails,1
GetReport_TransActionItems,Order_TransferFromBranchDetails,1
GetReport_TransActionItems,Order_PurchasesReturnDetails,1
GetReport_TransActionItems,Order_PurchasesDetails,1
GetReport_RentalExpensesDetails,RentalExpenses,1
GetReport_RentalExpensesDetails,RentalExpensesDetails,1
GetReport_RevenuesAndExpensesByItemCode,Item_Items,1
GetReport_RevenuesAndExpensesByItemCode,OrderRent_Recipt3,1
GetReport_RevenuesAndExpensesByItemCode,OrderRent_RecpitDetails3,1
GetReport_RevenuesAndExpensesByItemCode,RentalExpenses,1
GetReport_RevenuesAndExpensesByItemCode,RentalExpensesDetails,1
GetReport_TobaccoTax,Order_OrderReturn,1
GetReport_TransActionItems,Order_PaymentItemDetails,1
GetReport_TransActionItems,ItemQuantity,1
GetReport_TransActionItems,Item_Groups,1
GetReport_TransActionItems,Item_Items,1
GetReport_TransActionItems,Item_Unit,1
GetReport_TransActionItems,Order_InventorySettlementMinusDetails,1
GetReport_TransActionItems,Order_OpenQuantityDetails,1
GetReport_TransActionItems,Order_OrderReturnDetails,1
GetReport_TransActionItems,Order_OrdersDetails,1
GetReport_TobaccoTax,Order_Orders,1
GetReport_MovementsDailyReport2,Account_DefualtAccount2,1
GetReport_MovementsDailyReport,Tran_TranDetails,1
GetReport_MovementsDailyReport,Tran_Tran,1
GetReport_MovementsDailyReport,Order_PurchasesReturn,1
GetReport_MovementsDailyReport,Order_Purchases,1
GetReport_MovementsDailyReport,Order_Orders,1
GetReport_MovementsDailyReport,Order_OrderReturn,1
GetReport_MovementsDailyReport,Order_CheckoutOrders,1
GetReport_MovementsDailyReport,Account_DefualtAccount,1
GetReport_MovementItemBetweenToDate,Tran_Type,1
GetReport_MovementItemBetweenToDate,Order_TransferToBranchDetails,1
GetReport_MovementItemBetweenToDate,Order_TransferToBranch,1
GetReport_MovementItemBetweenToDate,Order_TransferFromBranchDetails,1
GetReport_MovementItemBetweenToDate,Order_TransferFromBranch,1
GetReport_MovementItemBetweenToDate,Order_StoreTransferDetails,1
GetReport_Orders,User_Login,1
GetReport_MovementItemBetweenToDate,Order_OrderReturn,1
GetReport_MovementItemBetweenToDate,Order_OrderReturnDetails,1
GetReport_MovementItemBetweenToDate,Order_Orders,1
GetReport_MovementItemBetweenToDate,Order_OrdersDetails,1
GetReport_MovementItemBetweenToDate,Order_PaymentItem,1
GetReport_MovementItemBetweenToDate,Order_PaymentItemDetails,1
GetReport_MovementItemBetweenToDate,Order_PriceOffer,1
GetReport_MovementItemBetweenToDate,Order_StoreTransfer,1
GetReport_MovementItemBetweenToDate,Order_Purchases,1
GetReport_MovementItemBetweenToDate,Order_PurchasesDetails,1
GetReport_MovementItemBetweenToDate,Order_PurchasesOrder,1
GetReport_MovementItemBetweenToDate,Order_PurchasesOrderDetails,1
GetReport_MovementItemBetweenToDate,Order_PurchasesReturn,1
GetReport_MovementItemBetweenToDate,Order_PurchasesReturnDetails,1
GetReport_MovementItemBetweenToDate,Order_RecItem,1
GetReport_MovementItemBetweenToDate,Order_RecItemDetails,1
GetReport_MovementItemBetweenToDate,Order_PriceOfferDetails,1
GetReport_MovementsDailyReportCloseDay,Order_TransferToBranch,1
GetReport_MovementsDailyReportCloseDay,Order_TransferFromBranch,1
GetReport_MovementsDailyReportCloseDay,Order_PurchasesReturn,1
GetReport_MovementsDailyReportCloseDay,Order_Purchases,1
GetReport_MovementsDailyReportCloseDay,Order_Orders,1
GetReport_MovementsDailyReportCloseDay,Order_OrderReturn,1
GetReport_MovementsDailyReportCloseDay,Order_CheckoutOrders,1
GetReport_MovementsDailyReportCloseDay,Account_DefualtAccount2,1
GetReport_MovementsDailyReportAllBranch,Tran_TranDetails,1
GetReport_MovementsDailyReportAllBranch,Tran_Tran,1
GetReport_MovementsDailyReportAllBranch,Order_PurchasesReturn,1
GetReport_MovementsDailyReportAllBranch,Order_Purchases,1
GetReport_MovementsDailyReportAllBranch,Order_Orders,1
GetReport_MovementsDailyReportAllBranch,Order_OrderReturn,1
GetReport_MovementsDailyReportAllBranch,Account_DefualtAccount2,1
GetReport_MovementsDailyReport2,Order_CheckoutOrders,1
GetReport_MovementsDailyReport2,Order_OrderReturn,1
GetReport_MovementsDailyReport2,Order_Orders,1
GetReport_MovementsDailyReport2,Order_Purchases,1
GetReport_MovementsDailyReport2,Order_PurchasesReturn,1
GetReport_MovementsDailyReport2,Order_TransferFromBranch,1
GetReport_MovementsDailyReport2,Order_TransferToBranch,1
GetReport_MovementsDailyReport2,Tran_Tran,1
GetReport_MovementsDailyReport2_ByUser,Tran_TranDetails,1
GetReport_MovementsDailyReport2_ByUser,Account_DefualtAccount2,1
GetReport_MovementsDailyReport2_ByUser,Order_OrderReturn,1
GetReport_MovementsDailyReport2_ByUser,Order_Orders,1
GetReport_MovementsDailyReport2_ByUser,Order_Purchases,1
GetReport_MovementsDailyReport2_ByUser,Order_PurchasesReturn,1
GetReport_MovementsDailyReport2_ByUser,Order_TransferFromBranch,1
GetReport_MovementsDailyReport2_ByUser,Order_TransferToBranch,1
GetReport_MovementsDailyReport2_ByUser,Tran_Tran,1
GetReport_MovementsDailyReport2,Tran_TranDetails,1
GetReport_MovementItemActive,ItemQuantity,1
GetReport_MovementItem,Tran_Type,1
GetReport_MovementItem,Order_TransferToBranchDetails,1
GetReport_MovementItem,Order_TransferToBranch,1
GetReport_MovementItem,Order_TransferFromBranchDetails,1
GetReport_MovementItem,Order_TransferFromBranch,1
GetReport_MovementItem,Order_StoreTransferDetails,1
GetReport_MovementItem,Order_StoreTransfer,1
GetReport_MovementItem,Order_RecItemDetails,1
GetReport_MovementItem,Order_RecItem,1
GetReport_MovementItem,Order_PurchasesReturnDetails,1
GetReport_MovementItem,Order_PurchasesReturn,1
GetReport_MovementItem,Order_PurchasesOrderDetails,1
GetReport_MovementItem,Order_PurchasesOrder,1
GetReport_MovementItem,Order_PurchasesDetails,1
GetReport_MovementItemBetweenToDate,Order_OpenQuantityDetails,1
GetReport_MovementAllItemActive_Summary,Order_TransferToBranchDetails,1
GetReport_MovementItem,ItemQuantity,1
GetReport_MovementItem,Order_CheckoutOrders,1
GetReport_MovementItem,Order_CheckoutOrdersDetails,1
GetReport_MovementItem,Order_InventorySettlementMinus,1
GetReport_MovementItem,Order_InventorySettlementMinusDetails,1
GetReport_MovementItem,Order_OpenQuantity,1
GetReport_MovementItem,Order_Purchases,1
GetReport_MovementItem,Order_OrderReturn,1
GetReport_MovementItem,Order_OrderReturnDetails,1
GetReport_MovementItem,Order_Orders,1
GetReport_MovementItem,Order_OrdersDetails,1
GetReport_MovementItem,Order_PaymentItem,1
GetReport_MovementItem,Order_PaymentItemDetails,1
GetReport_MovementItem,Order_PriceOffer,1
GetReport_MovementItem,Order_PriceOfferDetails,1
GetReport_MovementItem,Order_OpenQuantityDetails,1
GetReport_MovementItemBetweenToDate,Order_OpenQuantity,1
GetReport_MovementItemBetweenToDate,Order_InventorySettlementMinusDetails,1
GetReport_MovementItemBetweenToDate,Order_InventorySettlementMinus,1
GetReport_MovementItemBetweenToDate,Order_CheckoutOrdersDetails,1
GetReport_MovementItemBetweenToDate,Order_CheckoutOrders,1
GetReport_MovementItemBetweenToDate,Item_Unit,1
GetReport_MovementItemBetweenToDate,Item_Items,1
GetReport_MovementItemBetweenToDate,ItemQuantity,1
GetReport_MovementItemActive,Tran_Type,1
GetReport_MovementItemActive,Order_TransferToBranchDetails,1
GetReport_MovementItemActive,Order_TransferToBranch,1
GetReport_MovementItemActive,Order_TransferFromBranchDetails,1
GetReport_MovementItemActive,Order_TransferFromBranch,1
GetReport_MovementItemActive,Order_RecItemDetails,1
GetReport_MovementItemActive,Order_RecItem,1
GetReport_MovementItemActive,Item_Items,1
GetReport_MovementItemActive,Item_Unit,1
GetReport_MovementItemActive,Order_Gard,1
GetReport_MovementItemActive,Order_GardDetails,1
GetReport_MovementItemActive,Order_InventorySettlementMinus,1
GetReport_MovementItemActive,Order_InventorySettlementMinusDetails,1
GetReport_MovementItemActive,Order_OpenQuantity,1
GetReport_MovementItemActive,Order_OpenQuantityDetails,1
GetReport_MovementItemActive,Order_PurchasesReturnDetails,1
GetReport_MovementItemActive,Order_OrderReturnDetails,1
GetReport_MovementItemActive,Order_Orders,1
GetReport_MovementItemActive,Order_OrdersDetails,1
GetReport_MovementItemActive,Order_PaymentItem,1
GetReport_MovementItemActive,Order_PaymentItemDetails,1
GetReport_MovementItemActive,Order_Purchases,1
GetReport_MovementItemActive,Order_PurchasesDetails,1
GetReport_MovementItemActive,Order_PurchasesReturn,1
GetReport_MovementItemActive,Order_OrderReturn,1
GetReport_OrderRent,OrderRent_RentDetails,1
GetReport_OrderRent,OrderRent_Rent,1
GetReport_OrderRent,Item_Unit,1
GetReport_OrderRent,Item_Items,1
GetReport_OrderProfitBySalesMan,Order_Orders,1
GetReport_OrderProfitBySalesMan,Account_SalesMan,1
GetReport_OrderProfitBySalesMan,Account_CustSup,1
GetReport_OrderProfitBySalesMan,Account_AccountType,1
GetReport_OrderProfitByItem_ItemOnlyBySalesMan,RoundDividingData,1
GetReport_OrderProfitByItem_ItemOnlyBySalesMan,Order_OrdersDetails,1
GetReport_OrderProfitByItem_ItemOnlyBySalesMan,Order_Orders,1
GetReport_OrderProfitByItem_ItemOnlyBySalesMan,Item_Items,1
GetReport_OrderProfitByItem_ItemOnlyBySalesMan,Item_Groups,1
GetReport_OrderProfitByItem_ItemOnlyBySalesMan,Account_SalesMan,1
GetReport_OrderProfitByItem_ItemOnlyBySalesMan,Account_CustSup,1
GetReport_MovementsDailyReportCloseDay,Tran_Tran,1
GetReport_OrderProfitByGroupBySalesMan,Order_Orders,1
GetReport_OrderProfitByGroupBySalesMan,Order_OrdersDetails,1
GetReport_OrderProfitByGroupBySalesMan,RoundDividingData,1
GetReport_OrderProfitByItem,Item_Groups,1
GetReport_OrderProfitByItem,Item_Items,1
GetReport_OrderProfitByItem,Order_Orders,1
GetReport_OrderProfitByItem,Order_OrdersDetails,1
GetReport_OrderProfitByItem_ItemOnly,RoundDividingData,1
GetReport_OrderProfitByItemCashierSafryMahly,Item_Groups,1
GetReport_OrderProfitByItemCashierSafryMahly,Item_Items,1
GetReport_OrderProfitByItemCashierSafryMahly,Order_Orders,1
GetReport_OrderProfitByItemCashierSafryMahly,Order_OrdersDetails,1
GetReport_OrderProfitByItem_ItemOnly,Item_Groups,1
GetReport_OrderProfitByItem_ItemOnly,Item_Items,1
GetReport_OrderProfitByItem_ItemOnly,Order_Orders,1
GetReport_OrderProfitByItem_ItemOnly,Order_OrdersDetails,1
GetReport_OrderProfitByItem,RoundDividingData,1
GetReport_Orders,Order_Orders,1
GetReport_Orders,Account_CustSup,1
GetReport_Orders,Account_Branch,1
GetReport_Orders,Account_AccountType,1
GetReport_Order_TransferfromBranch,RoundDividingData,1
GetReport_Order_TransferfromBranch,Order_TransferFromBranchDetails,1
GetReport_Order_TransferfromBranch,Order_TransferFromBranch,1
GetReport_Order_TransferfromBranch,Item_Items,1
GetReport_Order_TransferToBranch,RoundDividingData,1
GetReport_Order_TransferToBranch,Order_TransferToBranchDetails,1
GetReport_Order_TransferToBranch,Order_TransferToBranch,1
GetReport_Order_TransferToBranch,Item_Items,1
GetReport_Order_Reservation,Order_Reservation,1
GetReport_Order_Reservation,Account_CustSup,1
GetReport_OrderReturnDetailsBySalesMan,RoundDividingData,1
GetReport_OrderRent,RoundDividingData,1
GetReport_OrderReturnDetails,Account_AccountType,1
GetReport_OrderReturnDetails,Account_Branch,1
GetReport_OrderReturnDetails,Account_Stores,1
GetReport_OrderReturnDetails,Item_Items,1
GetReport_OrderReturnDetails,Item_Unit,1
GetReport_OrderReturnDetails,Order_OrderReturn,1
GetReport_OrderReturnDetails,Order_OrderReturnDetails,1
GetReport_OrderReturnDetailsBySalesMan,Order_OrderReturnDetails,1
GetReport_OrderReturnDetailsBySalesMan,Account_AccountType,1
GetReport_OrderReturnDetailsBySalesMan,Account_Branch,1
GetReport_OrderReturnDetailsBySalesMan,Account_CustSup,1
GetReport_OrderReturnDetailsBySalesMan,Account_SalesMan,1
GetReport_OrderReturnDetailsBySalesMan,Account_Stores,1
GetReport_OrderReturnDetailsBySalesMan,Item_Items,1
GetReport_OrderReturnDetailsBySalesMan,Item_Unit,1
GetReport_OrderReturnDetailsBySalesMan,Order_OrderReturn,1
GetReport_OrderReturnDetails,RoundDividingData,1
GetReport_OrderDetailsByCatogry,Order_Orders,1
GetReport_OrderDetailsByCatogry,Item_Unit,1
GetReport_OrderDetailsByCatogry,Item_Items,1
GetReport_OrderDetailsByCatogry,Item_Groups,1
GetReport_OrderDetailsByCatogry,Item_Company,1
GetReport_OrderDetailsByCatogry,Item_Class,1
GetReport_OrderDetailsByCatogry,Account_Stores,1
GetReport_OrderDetailsByCatogry,Account_CustSup,1
GetReport_OrderDetailsByCatogry,Account_Branch,1
GetReport_OrderDetailsByCatogry,Account_AccountType,1
GetReport_OrderDetailsByBounce,RoundDividingData,1
GetReport_OrderDetailsByBounce,Order_OrdersDetails,1
GetReport_OrderDetailsByBounce,Order_Orders,1
GetReport_OrderDetailsByBounce,Item_Items,1
GetReport_OrderDetailsByBounce,Contract_Bounce,1
GetReport_OrderProfitByGroupBySalesMan,Item_Items,1
GetReport_MovementsDailyReportCloseDay,Tran_TranDetails,1
GetReport_NetProfitOrdersBySalesMan,Account_AccountType,1
GetReport_NetProfitOrdersBySalesMan,Account_CustSup,1
GetReport_NetProfitOrdersBySalesMan,Account_SalesMan,1
GetReport_NetProfitOrdersBySalesMan,Order_OrderReturn,1
GetReport_NetProfitOrdersBySalesMan,Order_Orders,1
GetReport_OrderDalala_Dalala,Account_Branch,1
GetReport_OrderDetails,RoundDividingData,1
GetReport_OrderDalala_Dalala,RoundDividingData,1
GetReport_OrderDalala_Dalala,User_Login,1
GetReport_OrderDalala_Sending,Account_Branch,1
GetReport_OrderDalala_Sending,OrderDalala_Sending,1
GetReport_OrderDalala_Sending,User_Login,1
GetReport_OrderDetails,Item_Items,1
GetReport_OrderDetails,Order_Orders,1
GetReport_OrderDetails,Order_OrdersDetails,1
GetReport_OrderDalala_Dalala,OrderDalala_Dalala,1
GetReport_OrderDetailsBySalesMan,Order_Orders,1
GetReport_OrderDetailsBySalesMan,Order_OrdersDetails,1
GetReport_OrderDetailsSmall,Item_Items,1
GetReport_OrderDetailsSmall,Order_Orders,1
GetReport_OrderDetailsSmall,Order_OrdersDetails,1
GetReport_OrderDetailsSmall,RoundDividingData,1
GetReport_OrderProfit,Account_AccountType,1
GetReport_OrderDetailsByCatogry,Order_OrdersDetails,1
GetReport_OrderProfitByGroup,Item_Groups,1
GetReport_OrderProfitByGroup,Item_Items,1
GetReport_OrderProfitByGroup,Order_Orders,1
GetReport_OrderProfitByGroup,Order_OrdersDetails,1
GetReport_OrderProfitByGroup,RoundDividingData,1
GetReport_OrderProfitByGroupBySalesMan,Account_CustSup,1
GetReport_OrderProfitByGroupBySalesMan,Account_SalesMan,1
GetReport_OrderProfitByGroupBySalesMan,Item_Groups,1
GetReport_OrderProfit,Order_Orders,1
GetReport_OrderDetailsByCatogry,RoundDividingData,1
GetReport_OrderDetailsByCatogry,User_Login,1
GetReport_OrderDetailsByGroups,Account_AccountType,1
GetReport_OrderDetailsByGroups,Account_Branch,1
GetReport_OrderDetailsByGroups,Account_Stores,1
GetReport_OrderDetailsByGroups,Item_Items,1
GetReport_OrderDetailsByGroups,Item_Unit,1
GetReport_OrderDetailsBySalesMan,Item_Unit,1
GetReport_OrderDetailsByGroups,Order_OrdersDetails,1
GetReport_OrderDetailsByGroups,RoundDividingData,1
GetReport_OrderDetailsBySalesMan,Account_AccountType,1
GetReport_OrderDetailsBySalesMan,Account_Branch,1
GetReport_OrderDetailsBySalesMan,Account_CustSup,1
GetReport_OrderDetailsBySalesMan,Account_SalesMan,1
GetReport_OrderDetailsBySalesMan,Account_Stores,1
GetReport_OrderDetailsBySalesMan,Item_Items,1
GetReport_OrderDetailsByGroups,Order_Orders,1
