Schema;Function;Type;TypeDesc;ObjectId;CreateDate;ModifyDate;DefinitionLength;Definition
dbo;CleanField;FN;SQL_SCALAR_FUNCTION;389576426;2026-01-10 14:59:13.073;2026-08-17 11:07:38.293;1332;" CREATE FUNCTION [dbo].[CleanField](@InputFieldRecord [varchar](8000)) RETURNS [varchar](8000) WITH  EXECUTE AS CALLER AS BEGIN         DECLARE @OutputFieldRecord VARCHAR(8000)   -- Trim Data         SET @OutputFieldRecord = LTRIM(RTRIM(@InputFieldRecord))   -- Double Spaces to single spaces         IF @OutputFieldRecord LIKE '%  %' -- double spaces             BEGIN                 SET @OutputFieldRecord = REPLACE(@OutputFieldRecord, '  ', ' ')             END   -- To Title Case         DECLARE @Reset BIT ;         DECLARE @ProcessFieldRecord VARCHAR(8000) ;         DECLARE @i INT ;         DECLARE @c CHAR(1) ;          SELECT  @Reset = 1 ,                 @i = 1 ,                 @ProcessFieldRecord = '' ;          WHILE ( @i <= LEN(@OutputFieldRecord) )              SELECT  @c = SUBSTRING(@OutputFieldRecord, @i, 1) ,                     @ProcessFieldRecord = @ProcessFieldRecord                     + CASE WHEN @Reset = 1 THEN UPPER(@c)                            ELSE LOWER(@c)                       END ,                     @Reset = CASE WHEN @c LIKE '[a-zA-Z]' THEN 0                                   ELSE 1                              END ,                     @i = @i + 1          SET @OutputFieldRecord = @ProcessFieldRecord         RETURN @OutputFieldRecord     END  "
dbo;ConverBoolToString;FN;SQL_SCALAR_FUNCTION;405576483;2026-01-10 14:59:13.077;2026-08-17 11:07:38.293;331; CREATE FUNCTION [dbo].[ConverBoolToString](@Value [BIT]) RETURNS [NVARCHAR](10) WITH  EXECUTE AS CALLER AS BEGIN         DECLARE @Text NVARCHAR(10)         BEGIN             IF @Value = 1                  SET @Text = 'نعم'             ELSE                  SET @Text = 'لا'         END         RETURN @Text     END  
dbo;DatePart;FN;SQL_SCALAR_FUNCTION;421576540;2026-01-10 14:59:13.077;2026-08-17 11:07:38.293;173; CREATE FUNCTION [dbo].[DatePart](@fDate [datetime]) RETURNS [varchar](10) WITH  EXECUTE AS CALLER AS BEGIN         RETURN ( CONVERT(VARCHAR(10),@fDate,101) )     END 
dbo;Get_AccountBalnceCredit;FN;SQL_SCALAR_FUNCTION;437576597;2026-01-10 14:59:13.080;2026-08-17 11:07:38.293;398; CREATE FUNCTION [dbo].[Get_AccountBalnceCredit](@sn [bigint],@BranchID INT,@ToDate DATETIME) RETURNS DECIMAL(18, 6) WITH  EXECUTE AS CALLER AS BEGIN         DECLARE @Balance DECIMAL(18, 6)         SET @Balance =( Select   IsNull(Sum(Credit),0)FROM dbo.View_TranDetails WHERE BranchID = @BranchID  and Account_Sn =@sn  And TranDate <= @ToDate)         RETURN ISNULL(@Balance,0)     END   
dbo;Get_AccountBalnceCreditALL;FN;SQL_SCALAR_FUNCTION;453576654;2026-01-10 14:59:13.080;2026-08-17 11:07:38.293;365; CREATE FUNCTION [dbo].[Get_AccountBalnceCreditALL](@sn [bigint] ,@ToDate DATETIME) RETURNS DECIMAL(18, 6) WITH  EXECUTE AS CALLER AS BEGIN         DECLARE @Balance DECIMAL(18, 6)         SET @Balance =( Select   IsNull(Sum(Credit),0)FROM dbo.View_TranDetails WHERE    Account_Sn =@sn  And TranDate <= @ToDate)         RETURN ISNULL(@Balance,0)     END   
dbo;Get_AccountBalnceDebit;FN;SQL_SCALAR_FUNCTION;469576711;2026-01-10 14:59:13.083;2026-08-17 11:07:38.297;398;  CREATE FUNCTION [dbo].[Get_AccountBalnceDebit](@sn [bigint],@BranchID INT,@ToDate DATETIME) RETURNS DECIMAL(18, 6) WITH  EXECUTE AS CALLER AS BEGIN         DECLARE @Balance DECIMAL(18, 6)         SET @Balance =( Select   IsNull(Sum(Debit),0)FROM dbo.View_TranDetails WHERE BranchID = @BranchID  and Account_Sn =@sn  And TranDate <= @ToDate)         RETURN ISNULL(@Balance,0)     END   
dbo;Get_AccountBalnceDebitALL;FN;SQL_SCALAR_FUNCTION;485576768;2026-01-10 14:59:13.083;2026-08-17 11:07:38.297;363; CREATE FUNCTION [dbo].[Get_AccountBalnceDebitALL](@sn [bigint] ,@ToDate DATETIME) RETURNS DECIMAL(18, 6) WITH  EXECUTE AS CALLER AS BEGIN         DECLARE @Balance DECIMAL(18, 6)         SET @Balance =( Select   IsNull(Sum(Debit),0)FROM dbo.View_TranDetails WHERE    Account_Sn =@sn  And TranDate <= @ToDate)         RETURN ISNULL(@Balance,0)     END   
dbo;Get_CostCentersName;FN;SQL_SCALAR_FUNCTION;501576825;2026-01-10 14:59:13.087;2026-08-17 11:07:38.297;436;CREATE FUNCTION [dbo].[Get_CostCentersName](@sn [bigint] = NULL,@BranchID INT) RETURNS [nvarchar](max) WITH  EXECUTE AS CALLER AS BEGIN         DECLARE @CostCentersName NVARCHAR(MAX)         SET @CostCentersName = ( SELECT CostCentersName                                  FROM   dbo.Account_CostCenters                                  WHERE  CostCentersID = @sn AND BranchID=@BranchID)         RETURN @CostCentersName     END 
dbo;Get_Currency_Dividing;FN;SQL_SCALAR_FUNCTION;517576882;2026-01-10 14:59:13.087;2026-08-17 11:07:38.297;381;  CREATE FUNCTION [dbo].[Get_Currency_Dividing](@BranchID INT) RETURNS [int] WITH  EXECUTE AS CALLER AS Begin         Declare @Currency_Dividing Int         Set @Currency_Dividing = ( Select   IsNull(Currency_Dividing, 3) As Currency_Dividing                                    From     dbo.TblSetting WHERE ID = @BranchID )         Return @Currency_Dividing     End   
dbo;GetBeginningInventoryID;FN;SQL_SCALAR_FUNCTION;533576939;2026-01-10 14:59:13.087;2026-08-17 11:07:38.297;349;CREATE FUNCTION [dbo].[GetBeginningInventoryID]() RETURNS [numeric](18, 0) WITH  EXECUTE AS CALLER AS BEGIN           DECLARE @Output NUMERIC         SET @Output = ( SELECT  ISNULL(AccountID, 0)                         FROM    dbo.Account_DefualtAccount2                         WHERE   ID = 66 )         RETURN ISNULL(@Output,0)      END 
dbo;GetBudgetBalance;FN;SQL_SCALAR_FUNCTION;549576996;2026-01-10 14:59:13.090;2026-08-17 11:07:38.297;583; CREATE FUNCTION [dbo].[GetBudgetBalance](@AccountID [numeric](18, 0),@BranchID INT,@UserID INT) RETURNS [decimal](18, 6) WITH  EXECUTE AS CALLER AS BEGIN         DECLARE @Output Decimal(18, 6)         SET @Output = ( SELECT  SUM(NowBalance)                         FROM    dbo.View_Budget_TempTranMaterDetails                         WHERE BranchID = @BranchID AND UserID = @UserID and   Account_Sn IN (                                 SELECT  *                                 FROM    dbo.ufn_FindReports(@AccountID) ) )         RETURN ISNULL(@Output,0)      END     
dbo;GetBudgetBalance2;FN;SQL_SCALAR_FUNCTION;565577053;2026-01-10 14:59:13.090;2026-08-17 11:07:38.297;512; CREATE FUNCTION [dbo].[GetBudgetBalance2](@AccountID [numeric](18, 0)) RETURNS [decimal](18, 6) WITH  EXECUTE AS CALLER AS BEGIN         DECLARE @Output Decimal(18, 6)         SET @Output = ( SELECT  SUM(NowBalance)                         FROM    dbo.View_Budget_TempTranMaterDetails                         WHERE   Account_Sn IN (                                 SELECT  *                                 FROM    dbo.ufn_FindReports(@AccountID) ) )         RETURN ISNULL(@Output,0)      END     
dbo;GetBudgetBalanceAll;FN;SQL_SCALAR_FUNCTION;581577110;2026-01-10 14:59:13.093;2026-08-17 11:07:38.297;512;CREATE FUNCTION [dbo].[GetBudgetBalanceAll](@AccountID [numeric](18, 0)) RETURNS [decimal](18, 6) WITH  EXECUTE AS CALLER AS BEGIN         DECLARE @Output Decimal(18, 6)         SET @Output = ( SELECT  SUM(NowBalance)                         FROM    dbo.View_Budget_TempTranMaterDetails                         WHERE   Account_Sn IN (                                 SELECT  *                                 FROM    dbo.ufn_FindReports(@AccountID) ) )         RETURN ISNULL(@Output,0)      END     
dbo;GetCapitalAccountID;FN;SQL_SCALAR_FUNCTION;597577167;2026-01-10 14:59:13.093;2026-08-17 11:07:38.297;344;CREATE FUNCTION [dbo].[GetCapitalAccountID]() RETURNS [numeric](18, 0) WITH  EXECUTE AS CALLER AS BEGIN           DECLARE @Output NUMERIC         SET @Output = ( SELECT  ISNULL(AccountID, 0)                         FROM    dbo.Account_DefualtAccount2                         WHERE   ID = 6 )         RETURN ISNULL(@Output,0)      END 
dbo;GetEndingInventoryID;FN;SQL_SCALAR_FUNCTION;613577224;2026-01-10 14:59:13.093;2026-08-17 11:07:38.297;348; CREATE FUNCTION [dbo].[GetEndingInventoryID]() RETURNS [numeric](18, 0) WITH  EXECUTE AS CALLER AS BEGIN           DECLARE @Output NUMERIC         SET @Output = ( SELECT  ISNULL(AccountID, 0)                         FROM    dbo.Account_DefualtAccount2                         WHERE   ID = 77 )         RETURN ISNULL(@Output,0)      END 
dbo;GetParentPath;FN;SQL_SCALAR_FUNCTION;629577281;2026-01-10 14:59:13.097;2026-08-17 11:07:38.297;558;CREATE FUNCTION [dbo].[GetParentPath](@CurrentNodeID [numeric](18, 0)) RETURNS [nvarchar](max) WITH  EXECUTE AS CALLER AS BEGIN         DECLARE @CurrentNodeName NVARCHAR(MAX)         DECLARE @ParentID NUMERIC         IF @CurrentNodeID IS NULL             OR @CurrentNodeID = 0              RETURN NULL         SELECT  @CurrentNodeName = Account_Name, @ParentID = Main_Account_No         FROM    dbo.Account_Accounts         WHERE   ID = @CurrentNodeID         RETURN ISNULL([dbo].GetParentPath(@ParentID) + ' / ', '') + @CurrentNodeName     END 
dbo;GetProfitAndLossID;FN;SQL_SCALAR_FUNCTION;645577338;2026-01-10 14:59:13.100;2026-08-17 11:07:38.297;343;CREATE FUNCTION [dbo].[GetProfitAndLossID]() RETURNS [numeric](18, 0) WITH  EXECUTE AS CALLER AS BEGIN           DECLARE @Output NUMERIC         SET @Output = ( SELECT  ISNULL(AccountID, 0)                         FROM    dbo.Account_DefualtAccount2                         WHERE   ID = 5 )         RETURN ISNULL(@Output,0)      END 
dbo;GetTranBalnce;FN;SQL_SCALAR_FUNCTION;661577395;2026-01-10 14:59:13.100;2026-08-17 11:07:38.297;480;CREATE FUNCTION [dbo].[GetTranBalnce](@sn [bigint] = NULL,@BranchID INT) RETURNS DECIMAL(18,6) WITH  EXECUTE AS CALLER AS BEGIN         DECLARE @ReferenceNumber DECIMAL(18,6)          SET @ReferenceNumber = (SELECT     ISNULL(SUM(Debit), 0) AS TransBalance                              FROM         dbo.Tran_TranDetails                              WHERE     (TranSn = @sn AND dbo.Tran_TranDetails.BranchID =@BranchID))          RETURN isnull(@ReferenceNumber,0)     END 
dbo;GetTreeNodeLevel;FN;SQL_SCALAR_FUNCTION;677577452;2026-01-10 14:59:13.100;2026-08-17 11:07:38.300;425; CREATE FUNCTION [dbo].[GetTreeNodeLevel](@pCurrentNode [int]) RETURNS [int] WITH  EXECUTE AS CALLER AS BEGIN         DECLARE @vParentID INT         IF @pCurrentNode = 0             OR @pCurrentNode IS NULL              RETURN 0         SELECT  @vParentID = Main_Account_No         FROM    dbo.Account_Accounts         WHERE   ID = @pCurrentNode         RETURN  dbo.GetTreeNodeLevel ( @vParentID ) + 1     END  
dbo;GetTrialBalance;FN;SQL_SCALAR_FUNCTION;693577509;2026-01-10 14:59:13.100;2026-08-17 11:07:38.300;373; CREATE FUNCTION [dbo].[GetTrialBalance](@firstNo [DECIMAL](18, 6), @SecondNo [DECIMAL](18, 6)) RETURNS [DECIMAL](18, 6) WITH  EXECUTE AS CALLER AS BEGIN         DECLARE @Output DECIMAL(18, 6)         SET @Output = ( ISNULL(@firstNo, 0) - ISNULL(@SecondNo, 0) )         IF @Output <= 0              SET @Output = 0         RETURN ISNULL(@Output,0)      END    
dbo;GetViewCostCentersPrivtCreditBalance;FN;SQL_SCALAR_FUNCTION;709577566;2026-01-10 14:59:13.103;2026-08-17 11:07:38.300;781;CREATE FUNCTION [dbo].[GetViewCostCentersPrivtCreditBalance](@ID [numeric](18, 0), @Date [DATETIME],@BranchID INT) RETURNS [decimal](18, 6) WITH  EXECUTE AS CALLER AS Begin         Declare @Balance Decimal(18, 6)         Declare @Priv Decimal(18, 6)         Set @Balance = ( Select IsNull(Sum(Credit), 0)                          From   dbo.ViewTranMaterDetails                          Where  CostCentersID = @ID AND BranchID=@BranchID                                 And dbo.DatePart(TranDate) < @Date )         Set @Priv = ( Select    IsNull(Sum(Priv_Credit), 0)                       From      dbo.Account_CostCenters                       Where     CostCentersID = @ID AND BranchID=@BranchID)         Return IsNull(IsNull(@Balance,0)+ IsNull(@Priv,0),0)     End 
dbo;GetViewCostCentersPrivtDebitBalance;FN;SQL_SCALAR_FUNCTION;725577623;2026-01-10 14:59:13.103;2026-08-17 11:07:38.300;781;CREATE FUNCTION [dbo].[GetViewCostCentersPrivtDebitBalance](@ID [numeric](18, 0), @Date [DATETIME],@BranchID INT) RETURNS [decimal](18, 6) WITH  EXECUTE AS CALLER AS Begin         Declare @Balance Decimal(18, 6)         Declare @Priv Decimal(18, 6)         Set @Balance = ( Select IsNull(Sum(Debit), 0)                          From   dbo.ViewTranMaterDetails                          Where  CostCentersID = @ID AND BranchID=@BranchID                                 And dbo.DatePart(TranDate) < @Date )         Set @Priv = ( Select    IsNull(Sum(Priv_Debit), 0)                       From      dbo.Account_CostCenters                       Where     CostCentersID = @ID AND BranchID=@BranchID )         Return IsNull(IsNull(@Balance,0)+ IsNull(@Priv,0),0)     End  
dbo;GetViewPrivtCreditBalance;FN;SQL_SCALAR_FUNCTION;741577680;2026-01-10 14:59:13.107;2026-08-17 11:07:38.300;967;  CREATE FUNCTION [dbo].[GetViewPrivtCreditBalance](@ID [numeric](18, 0), @Date [DATETIME],@BranchID INT) RETURNS [decimal](18, 6) WITH  EXECUTE AS CALLER AS Begin         Declare @Balance Decimal(18, 6)         Declare @Priv Decimal(18, 6)         Set @Balance = ( Select IsNull(Sum(Credit), 0)                          From  dbo.Tran_TranDetails INNER JOIN dbo.[Tran_Tran] ON [dbo].[Tran_Tran].BranchID = dbo.Tran_TranDetails.BranchID AND [dbo].[Tran_Tran].ID = dbo.Tran_TranDetails.TranSn                          Where dbo.Tran_TranDetails.BranchID= @BranchID and dbo.Tran_TranDetails.Account_Sn = @ID                                 And [dbo].[Tran_Tran].TranDate < dbo.DatePart(@Date) )         Set @Priv = ( Select    IsNull(Sum(Priv_Credit), 0)                       From      dbo.AccountStartBalance                       Where     AccountNo = @ID AND CompID=@BranchID )         Return IsNull(IsNull(@Balance,0)+ IsNull(@Priv,0),0)     End  
dbo;GetViewPrivtDebitBalance;FN;SQL_SCALAR_FUNCTION;757577737;2026-01-10 14:59:13.110;2026-08-17 11:07:38.300;973; CREATE FUNCTION [dbo].[GetViewPrivtDebitBalance](@ID INT, @Date [DATETIME],@BranchID INT) RETURNS [decimal](18, 6) WITH  EXECUTE AS CALLER AS Begin         Declare @Balance Decimal(18, 6)         Declare @Priv Decimal(18, 6)         Set @Balance = ( Select IsNull(Sum(Debit), 0)                          From  dbo.Tran_TranDetails INNER JOIN dbo.[Tran_Tran] ON [dbo].[Tran_Tran].BranchID = dbo.Tran_TranDetails.BranchID AND [dbo].[Tran_Tran].ID = dbo.Tran_TranDetails.TranSn                          Where dbo.Tran_TranDetails.BranchID = @BranchID and dbo.Tran_TranDetails.Account_Sn = @ID                                 And [dbo].[Tran_Tran].TranDate < dbo.DatePart(@Date) )                                 Set @Priv = ( Select    IsNull((Priv_Debit), 0)                       From      dbo.AccountStartBalance                       Where     AccountNo = @ID AND CompID = @BranchID)         Return IsNull(IsNull(@Balance,0)+ IsNull(@Priv,0),0)     End  
dbo;ProfitAndLoss;FN;SQL_SCALAR_FUNCTION;773577794;2026-01-10 14:59:13.110;2026-08-17 11:07:38.300;725; CREATE FUNCTION [dbo].[ProfitAndLoss](@UserID INT,@BranchID INT) RETURNS [decimal](18, 6) WITH  EXECUTE AS CALLER AS Begin         Declare @ProfitAndLoss Decimal(18, 6)         Set @ProfitAndLoss = ( Select   IsNull(Sum(Debit), 0)                                         - IsNull(Sum(Credit), 0)                                From     TempTranMaterDetails                                Where  BranchID = @BranchID AND UserID = @UserID and  Account_Sn In (                                         Select  ID                                         From    dbo.Account_Accounts                                         Where   Final_Account = 1 ) )         Return IsNull( @ProfitAndLoss ,0)      End        
dbo;ProfitAndLossAll;FN;SQL_SCALAR_FUNCTION;789577851;2026-01-10 14:59:13.110;2026-08-17 11:07:38.300;680; ----------------   CREATE FUNCTION [dbo].[ProfitAndLossAll]() RETURNS [decimal](18, 6) WITH  EXECUTE AS CALLER AS Begin         Declare @ProfitAndLoss Decimal(18, 6)         Set @ProfitAndLoss = ( Select   IsNull(Sum(Debit), 0)                                         - IsNull(Sum(Credit), 0)                                From     TempTranMaterDetails                                Where    Account_Sn In (                                         Select  ID                                         From    dbo.Account_Accounts                                         Where   Final_Account = 1 ) )         Return IsNull( @ProfitAndLoss ,0)      End        
dbo;RoundByBranch;FN;SQL_SCALAR_FUNCTION;805577908;2026-01-10 14:59:13.113;2026-08-17 11:07:38.300;396;" CREATE FUNCTION [dbo].[RoundByBranch](@Expression [decimal](18, 6),@BranchID int) RETURNS [decimal](18, 6) WITH  EXECUTE AS CALLER AS Begin DECLARE @Output DECIMAL(18, 6); DECLARE @Length INT; SET @Length = (     SELECT dbo.Get_Currency_Dividing(@BranchID) ); SET @Output = (     SELECT CAST(ROUND(@Expression, @Length) AS DECIMAL(18,6)) ); RETURN ISNULL(@Output, 0);     End;  "
dbo;RoundData;FN;SQL_SCALAR_FUNCTION;821577965;2026-01-10 14:59:13.113;2026-08-17 11:07:38.300;303;" CREATE FUNCTION [dbo].[RoundData] (     @Expression [FLOAT],     @Length [FLOAT] ) RETURNS [FLOAT] WITH EXECUTE AS CALLER AS BEGIN     DECLARE @Output FLOAT;     SET @Output =     (         SELECT CAST(ROUND(@Expression, @Length) AS FLOAT)     );     RETURN ISNULL(@Output, 0); END;  "
dbo;RoundDividingData;FN;SQL_SCALAR_FUNCTION;837578022;2026-01-10 14:59:13.117;2026-08-17 11:07:38.300;381;  CREATE FUNCTION [dbo].[RoundDividingData](@Expression [decimal](18, 6),@BranchID int) RETURNS float WITH  EXECUTE AS CALLER AS Begin         Declare @Output float         Declare @Length Int         Set @Length = ( Select  dbo.Get_Currency_Dividing(@BranchID) )         Set @Output = ( Select  Round(@Expression, @Length) )         Return IsNull(@Output,0)      End  
dbo;SetBudgetBalanceFirst;FN;SQL_SCALAR_FUNCTION;853578079;2026-01-10 14:59:13.117;2026-08-17 11:07:38.300;712; CREATE FUNCTION [dbo].[SetBudgetBalanceFirst](@AccountID [numeric](18, 0), @NodeLeve [INT],@BranchID INT ,@UserID INT ) RETURNS [decimal](18, 6) WITH  EXECUTE AS CALLER AS Begin         Declare @Output Decimal(18, 6)         If @NodeLeve = 1             Set @Output = ( Select  IsNull(Sum(NowBalance), 0)                             From    dbo.View_Budget_TempTranMaterDetails                             Where BranchID = @BranchID AND UserID= @UserID and  Account_Sn In (                                     Select  *                                     From    dbo.ufn_FindReports(@AccountID) ) )         Else             Set @Output = Null         Return  IsNull(@Output,0)         End    
dbo;SetBudgetBalanceFirstAll;FN;SQL_SCALAR_FUNCTION;869578136;2026-01-10 14:59:13.120;2026-08-17 11:07:38.300;662; --------------  CREATE FUNCTION [dbo].[SetBudgetBalanceFirstAll](@AccountID [numeric](18, 0), @NodeLeve [INT] ) RETURNS [decimal](18, 6) WITH  EXECUTE AS CALLER AS Begin         Declare @Output Decimal(18, 6)         If @NodeLeve = 1             Set @Output = ( Select  IsNull(Sum(NowBalance), 0)                             From    dbo.View_Budget_TempTranMaterDetails                             WHERE   Account_Sn In (                                     Select  *                                     From    dbo.ufn_FindReports(@AccountID) ) )         Else             Set @Output = Null         Return  IsNull(@Output,0)         End    
dbo;SetBudgetBalanceLast;FN;SQL_SCALAR_FUNCTION;885578193;2026-01-10 14:59:13.120;2026-08-17 11:07:38.300;708; CREATE FUNCTION [dbo].[SetBudgetBalanceLast](@AccountID [numeric](18, 0), @NodeLeve [int],@BranchID INT ,@UserID INT) RETURNS [decimal](18, 6) WITH  EXECUTE AS CALLER AS Begin         Declare @Output Decimal(18, 6)         If @NodeLeve = 3             Set @Output = ( Select  IsNull(Sum(NowBalance), 0)                             From    dbo.View_Budget_TempTranMaterDetails                             Where BranchID=@BranchID AND UserID = @UserID and  Account_Sn In (                                     Select  *                                     From    dbo.ufn_FindReports(@AccountID) ) )         Else             Set @Output = Null         Return  IsNull(@Output,0)         End    
dbo;SetBudgetBalanceLastAll;FN;SQL_SCALAR_FUNCTION;901578250;2026-01-10 14:59:13.123;2026-08-17 11:07:38.300;666; -------------------   CREATE FUNCTION [dbo].[SetBudgetBalanceLastAll](@AccountID [numeric](18, 0), @NodeLeve [int]) RETURNS [decimal](18, 6) WITH  EXECUTE AS CALLER AS Begin         Declare @Output Decimal(18, 6)         If @NodeLeve = 3             Set @Output = ( Select  IsNull(Sum(NowBalance), 0)                             From    dbo.View_Budget_TempTranMaterDetails                             Where   Account_Sn In (                                     Select  *                                     From    dbo.ufn_FindReports(@AccountID) ) )         Else             Set @Output = Null         Return  IsNull(@Output,0)         End    
dbo;SetBudgetBalanceMiddle;FN;SQL_SCALAR_FUNCTION;917578307;2026-01-10 14:59:13.123;2026-08-17 11:07:38.303;709; CREATE FUNCTION [dbo].[SetBudgetBalanceMiddle](@AccountID [numeric](18, 0), @NodeLeve [int],@BranchID INT ,@UserID INT) RETURNS [decimal](18, 6) WITH  EXECUTE AS CALLER AS Begin         Declare @Output Decimal(18, 6)         If @NodeLeve = 2             Set @Output = ( Select  Sum(IsNull(NowBalance, 0))                             From    dbo.View_Budget_TempTranMaterDetails                             Where BranchID=@BranchID AND UserID= @UserID and  Account_Sn In (                                     Select  *                                     From    dbo.ufn_FindReports(@AccountID) ) )         Else             Set @Output = Null         Return  IsNull(@Output,0)         End    
dbo;SetBudgetBalanceMiddleAll;FN;SQL_SCALAR_FUNCTION;933578364;2026-01-10 14:59:13.127;2026-08-17 11:07:38.303;668;  -------------------  CREATE FUNCTION [dbo].[SetBudgetBalanceMiddleAll](@AccountID [numeric](18, 0), @NodeLeve [int]) RETURNS [decimal](18, 6) WITH  EXECUTE AS CALLER AS Begin         Declare @Output Decimal(18, 6)         If @NodeLeve = 2             Set @Output = ( Select  Sum(IsNull(NowBalance, 0))                             From    dbo.View_Budget_TempTranMaterDetails                             Where   Account_Sn In (                                     Select  *                                     From    dbo.ufn_FindReports(@AccountID) ) )         Else             Set @Output = Null         Return  IsNull(@Output,0)         End    
dbo;SetCreditBalance;FN;SQL_SCALAR_FUNCTION;949578421;2026-01-10 14:59:13.127;2026-08-17 11:07:38.303;1130;  CREATE FUNCTION [dbo].[SetCreditBalance](@AccountID [NUMERIC](18, 0), @BranchID INT, @UserID INT) RETURNS [DECIMAL](18, 6) WITH  EXECUTE AS CALLER AS BEGIN         DECLARE @Output DECIMAL(18, 6)         DECLARE @LastLeveOutput INT                  SET @LastLeveOutput = ( SELECT  COUNT(*)                                 FROM    dbo.ViewAccountsLastLeve                                 WHERE   ID = @AccountID )         IF @LastLeveOutput > 0             SET @Output = ( SELECT  ISNULL(SUM(Credit), 0)                             FROM    dbo.TempTrialBalanceByTotal                             WHERE   Account_Sn = @AccountID AND BranchID = @BranchID AND UserID = @UserID)           IF @LastLeveOutput <= 0             SET @Output = ( SELECT  ISNULL(SUM(Credit), 0)                             FROM    dbo.TempTrialBalanceByTotal                             WHERE   BranchID = @BranchID AND UserID = @UserID AND Account_Sn IN (                                     SELECT  *                                     FROM    dbo.ufn_FindReports(@AccountID) ) )           RETURN  ISNULL(@Output,0)      END   
dbo;SetDebitBalance;FN;SQL_SCALAR_FUNCTION;965578478;2026-01-10 14:59:13.130;2026-08-17 11:07:38.303;1125; CREATE FUNCTION [dbo].[SetDebitBalance](@AccountID [NUMERIC](18, 0), @BranchID INT, @UserID INT) RETURNS [DECIMAL](18, 6) WITH  EXECUTE AS CALLER AS BEGIN         DECLARE @Output DECIMAL(18, 6)         DECLARE @LastLeveOutput INT                  SET @LastLeveOutput = ( SELECT  COUNT(*)                                 FROM    dbo.ViewAccountsLastLeve                                 WHERE   ID = @AccountID )         IF @LastLeveOutput > 0             SET @Output = ( SELECT  ISNULL(SUM(Debit), 0)                             FROM    dbo.TempTrialBalanceByTotal                             WHERE   Account_Sn = @AccountID AND BranchID = @BranchID AND UserID = @UserID)           IF @LastLeveOutput <= 0             SET @Output = ( SELECT  ISNULL(SUM(Debit), 0)                             FROM    dbo.TempTrialBalanceByTotal                             WHERE   BranchID = @BranchID AND UserID = @UserID AND Account_Sn IN (                                     SELECT  *                                     FROM    dbo.ufn_FindReports(@AccountID) ) )           RETURN  ISNULL(@Output,0)      END   
dbo;SetPriv_CreditBalance;FN;SQL_SCALAR_FUNCTION;981578535;2026-01-10 14:59:13.130;2026-08-17 11:07:38.303;1144; CREATE FUNCTION [dbo].[SetPriv_CreditBalance](@AccountID [NUMERIC](18, 0),@BranchID INT ,@UserID INT) RETURNS [DECIMAL](18, 6) WITH  EXECUTE AS CALLER AS BEGIN         DECLARE @Output DECIMAL(18, 6)         DECLARE @LastLeveOutput INT                   SET @LastLeveOutput = ( SELECT  COUNT(*)                                 FROM    dbo.ViewAccountsLastLeve                                 WHERE   ID = @AccountID )         IF @LastLeveOutput > 0             SET @Output = ( SELECT  ISNULL(SUM(Priv_Credit), 0)                             FROM    dbo.TempTrialBalanceByTotal                             WHERE   BranchID = @BranchID AND UserID = @UserID AND Account_Sn = @AccountID )          IF @LastLeveOutput <= 0             SET @Output = ( SELECT  ISNULL(SUM(Priv_Credit), 0)                             FROM    dbo.TempTrialBalanceByTotal                             WHERE   BranchID = @BranchID AND UserID = @UserID AND Account_Sn IN (                                     SELECT  *                                     FROM    dbo.ufn_FindReports(@AccountID) ) )            RETURN  ISNULL(@Output,0)      END   
dbo;SetPriv_DebitBalance;FN;SQL_SCALAR_FUNCTION;997578592;2026-01-10 14:59:13.133;2026-08-17 11:07:38.303;1144; CREATE FUNCTION [dbo].[SetPriv_DebitBalance](@AccountID [NUMERIC](18, 0), @BranchID INT, @UserID INT) RETURNS [DECIMAL](18, 6) WITH  EXECUTE AS CALLER AS BEGIN         DECLARE @Output DECIMAL(18, 6)         DECLARE @LastLeveOutput INT                   SET @LastLeveOutput = ( SELECT  COUNT(*)                                 FROM    dbo.ViewAccountsLastLeve                                 WHERE   ID = @AccountID )         IF @LastLeveOutput > 0             SET @Output = ( SELECT  ISNULL(SUM(Priv_Debit), 0)                             FROM    dbo.TempTrialBalanceByTotal                             WHERE   BranchID = @BranchID AND UserID = @UserID AND Account_Sn = @AccountID )            IF @LastLeveOutput <= 0             SET @Output = ( SELECT  ISNULL(SUM(Priv_Debit), 0)                             FROM    dbo.TempTrialBalanceByTotal                             WHERE   BranchID = @BranchID AND UserID = @UserID AND Account_Sn IN (                                     SELECT  *                                     FROM    dbo.ufn_FindReports(@AccountID) ) )            RETURN  ISNULL(@Output,0)      END   
dbo;Subtraction;FN;SQL_SCALAR_FUNCTION;1013578649;2026-01-10 14:59:13.133;2026-08-17 11:07:38.303;286; CREATE FUNCTION [dbo].[Subtraction](@firstNo [decimal](18, 6), @SecondNo [decimal](18, 6)) RETURNS [decimal](18, 6) WITH  EXECUTE AS CALLER AS Begin         Declare @Output Decimal(18, 6)         Set @Output = ( @firstNo - @SecondNo )         Return IsNull(@Output,0)      End 
dbo;ufn_FindReports;TF;SQL_TABLE_VALUED_FUNCTION;1029578706;2026-01-10 14:59:13.137;2026-01-10 14:59:13.137;964;" CREATE FUNCTION [dbo].[ufn_FindReports](@InAccountID [int]) RETURNS @retFindReports TABLE ( 	[AccountSn] [numeric](18, 0), PRIMARY KEY CLUSTERED  ( 	[AccountSn] ASC )WITH (PAD_INDEX = OFF, STATISTICS_NORECOMPUTE = OFF, IGNORE_DUP_KEY = OFF, ALLOW_ROW_LOCKS = ON, ALLOW_PAGE_LOCKS = ON) ) WITH  EXECUTE AS CALLER AS BEGIN         WITH    DirectReportsAfter ( sn )                   AS ( SELECT   ID                        FROM     dbo.Account_Accounts                        WHERE    ( ID = @InAccountID )                        UNION ALL                        SELECT   PAD.ID                        FROM     dbo.Account_Accounts PAD                                 INNER JOIN DirectReportsAfter d ON PAD.Main_Account_No = d.sn                      )             -- copy the required columns to the result of the function     INSERT   @retFindReports             SELECT  sn             FROM    DirectReportsAfter          RETURN     END; "
dbo;View_Budget_AccountsDataFun;TF;SQL_TABLE_VALUED_FUNCTION;1061578820;2026-01-10 14:59:13.140;2026-01-10 14:59:13.140;1052;  CREATE FUNCTION  [dbo].[View_Budget_AccountsDataFun]  (@BranchID INT,@UserID INT)  RETURNS  @Account_Data TABLE (  sn [numeric] (18, 0), Main_Account_No [numeric] (18, 0),  NodeLeve INT, Account_Name NVARCHAR(max),  BudgetBalance [decimal](18, 6),                         ParentPath  NVARCHAR(max), Account_No [numeric] (18, 0),  Account_Type SMALLINT  )  AS   BEGIN	   INSERT INTO @Account_Data  (      sn,      Main_Account_No,      NodeLeve,      Account_Name,      BudgetBalance,      ParentPath,      Account_No,      Account_Type  )  (  SELECT   ID, Main_Account_No, dbo.GetTreeNodeLevel(ID) AS NodeLeve, Account_Name, dbo.GetBudgetBalance(ID, @BranchID, @UserID) AS BudgetBalance,                        dbo.GetParentPath(ID) AS ParentPath, Account_No, Account_Type FROM         dbo.Account_Accounts WHERE     (ID IN                           (SELECT     Main_Account_No                              FROM         dbo.Account_Accounts AS Accounts_1)) AND (Account_Type IN (1, 2))    )      RETURN  END 
dbo;View_Budget_AccountsDataFunAll;TF;SQL_TABLE_VALUED_FUNCTION;1077578877;2026-01-10 14:59:13.140;2026-01-10 14:59:13.140;1035; ------------------   CREATE FUNCTION  [dbo].[View_Budget_AccountsDataFunAll]  ()  RETURNS  @Account_Data TABLE (  sn [numeric] (18, 0), Main_Account_No [numeric] (18, 0),  NodeLeve INT, Account_Name NVARCHAR(max),  BudgetBalance [decimal](18, 6),                         ParentPath  NVARCHAR(max), Account_No [numeric] (18, 0),  Account_Type SMALLINT  )  AS   BEGIN	   INSERT INTO @Account_Data  (      sn,      Main_Account_No,      NodeLeve,      Account_Name,      BudgetBalance,      ParentPath,      Account_No,      Account_Type  )  (  SELECT   ID, Main_Account_No, dbo.GetTreeNodeLevel(ID) AS NodeLeve, Account_Name, dbo.GetBudgetBalanceAll(ID) AS BudgetBalance,                        dbo.GetParentPath(ID) AS ParentPath, Account_No, Account_Type FROM         dbo.Account_Accounts WHERE     (ID IN                           (SELECT     Main_Account_No                              FROM         dbo.Account_Accounts AS Accounts_1)) AND (Account_Type IN (1, 2))    )      RETURN  END 
