Schema;Table;Index;KeyType;KeyOrdinal;Column;Descending
dbo;__EFMigrationsHistory;PK___EFMigrationsHistory;PRIMARY KEY;1;MigrationId;0
dbo;Account_Accounts;PK_Account_Accounts;PRIMARY KEY;1;ID;0
dbo;Account_AccountType;PK_Account_AccountType;PRIMARY KEY;1;ID;0
dbo;Account_Branch;PK_Account_Branch;PRIMARY KEY;1;ID;0
dbo;Account_CostCenters;PK_Account_CostCenters;PRIMARY KEY;1;SN;0
dbo;Account_CustSup;PK_Account_CustSup;PRIMARY KEY;1;ID;0
dbo;Account_CustTailor;PK_Account_CustTailor;PRIMARY KEY;1;SN;0
dbo;Account_DefualtAccount;PK_Account_DefualtAccount;PRIMARY KEY;1;ID;0
dbo;Account_DefualtAccount2;PK_Account_DefualtAccount2;PRIMARY KEY;1;SN;0
dbo;Account_DefualtCustomer;PK_Account_DefualtCustomer;PRIMARY KEY;1;SN;0
dbo;Account_Final;PK_Account_Final;PRIMARY KEY;1;ID;0
dbo;Account_Nature;PK_Account_Nature;PRIMARY KEY;1;ID;0
dbo;Account_Place;PK_Account_Place;PRIMARY KEY;1;ID;0
dbo;Account_Projects;PK_Account_Projects;PRIMARY KEY;1;SN;0
dbo;Account_ProjectsDetails;PK_Account_ProjectsDetails;PRIMARY KEY;1;SN;0
dbo;Account_Receipts;PK_Account_Receipts;PRIMARY KEY;1;ID;0
dbo;Account_ReceiptsDetails;PK_Account_ReceiptsDetails;PRIMARY KEY;1;Sn;0
dbo;Account_SalesMan;PK_Account;PRIMARY KEY;1;SN;0
dbo;Account_Stores;PK_Item_StoreLuk;PRIMARY KEY;1;ID;0
dbo;Account_Suspended;PK_Account_Suspended;PRIMARY KEY;1;ID;0
dbo;Account_Type;PK_Account_Type;PRIMARY KEY;1;ID;0
dbo;AccountStartBalance;PK_AccountStartBalance;PRIMARY KEY;1;Id;0
dbo;AccountYears;PK_AccountYears;PRIMARY KEY;1;Id;0
dbo;AgeingAnalysis;PK_AgeingAnalysis;PRIMARY KEY;1;AgeingAnalysisID;0
dbo;App_FiscalYearState;PK_App_FiscalYearState;PRIMARY KEY;1;ID;0
dbo;App_FiscalYearState;UX_App_FiscalYearState_OneOpen;UNIQUE INDEX;1;IsOpen;0
dbo;Car_Receive;PK_Car_Receive;PRIMARY KEY;1;ID;0
dbo;CashReceiptsType;PK_CachRecipet;PRIMARY KEY;1;ID;0
dbo;Contract_Bounce;PK_Contract_Bounce;PRIMARY KEY;1;SN;0
dbo;Contract_Contract;PK_Contract_Contract;PRIMARY KEY;1;ID;0
dbo;Contract_ContractDetails;PK_Contract_ContractDetails;PRIMARY KEY;1;SN;0
dbo;Contract_EJAR;PK_Contract_EJAR;PRIMARY KEY;1;ID;0
dbo;Contract_Files;PK__Contract__3214EC271256546F;PRIMARY KEY;1;ID;0
dbo;Contract_Guarantee;PK_Contract_Guarantee;PRIMARY KEY;1;ID;0
dbo;Contract_GuaranteeDetails;PK_Contract_GuaranteeDetails;PRIMARY KEY;1;SN;0
dbo;Contract_Store;PK_Contract_Store;PRIMARY KEY;1;ID;0
dbo;Emp_Allowances;PK_Emp_Allowances;PRIMARY KEY;1;ID;0
dbo;Emp_Employee;PK_Emp_Employee;PRIMARY KEY;1;ID;0
dbo;Emp_Entrusted;PK_Emp_Entrusted;PRIMARY KEY;1;ID;0
dbo;Emp_EntrustedEmployeeDetails;PK_Emp_EntrustedEmployeeDetails;PRIMARY KEY;1;SN;0
dbo;Emp_Payroll;PK_eTable_1;PRIMARY KEY;1;ID;0
dbo;Emp_PayrollDetails;PK_Emp_Payroll;PRIMARY KEY;1;SN;0
dbo;Emp_PayrollTemp;PK_Emp_PayrollTemp;PRIMARY KEY;1;ID;0
dbo;Emp_PayrollTempDetails;PK_Emp_PayrollTempDetails;PRIMARY KEY;1;SN;0
dbo;EmployeeAllowances;PK__Employee__7D6162F52E6D7EE1;PRIMARY KEY;1;EmployeeID;0
dbo;EmployeeAllowances;PK__Employee__7D6162F52E6D7EE1;PRIMARY KEY;2;AllowanceID;0
dbo;Halls;PK__Halls__3214EC27767FCA75;PRIMARY KEY;1;ID;0
dbo;Item_Add;PK_Item_Add;PRIMARY KEY;1;ID;0
dbo;Item_Class;PK_Item_Class;PRIMARY KEY;1;ID;0
dbo;Item_Company;PK_Item_Company;PRIMARY KEY;1;ID;0
dbo;Item_Country;PK_Item_Country;PRIMARY KEY;1;ID;0
dbo;Item_Doctor;PK_Item_Doctor;PRIMARY KEY;1;ID;0
dbo;Item_Groups;PK_Item_Groups;PRIMARY KEY;1;ID;0
dbo;Item_Guarantee;PK_Item_Guarantee;PRIMARY KEY;1;ID;0
dbo;Item_ItemComponent;PK_Item_ItemComponent;PRIMARY KEY;1;SN;0
dbo;Item_Items;PK_Item_Items;PRIMARY KEY;1;ItemId;0
dbo;Item_Type;PK_Item_Type;PRIMARY KEY;1;SN;0
dbo;Item_Unit;PK_Item_Unit;PRIMARY KEY;1;ID;0
dbo;ItemQuantity;PK_ItemQuantity;PRIMARY KEY;1;ItemQuantityID;0
dbo;Items_ContentAlignment_ForCashier;PK_Items_ContentAlignment_ForCashier;PRIMARY KEY;1;ID;0
dbo;LoginLogs;PK__LoginLog__32151C643CFE5212;PRIMARY KEY;1;SN;0
dbo;Order_CheckoutOrders;PK_Order_CheckoutOrders;PRIMARY KEY;1;ID;0
dbo;Order_CheckoutOrdersDetails;PK_Order_CheckoutOrdersDetails;PRIMARY KEY;1;SN;0
dbo;Order_Extension;PK__Order_Ex__C3905BAF3CD5700B;PRIMARY KEY;1;OrderID;0
dbo;Order_Gard;PK_Order_Gard;PRIMARY KEY;1;ID;0
dbo;Order_GardDetails;PK_Order_GardDetails;PRIMARY KEY;1;SN;0
dbo;Order_InventorySettlementMinus;PK_Order_InventorySettlementMinus;PRIMARY KEY;1;ID;0
dbo;Order_InventorySettlementMinusDetails;PK_Order_InventorySettlementMinusDetails;PRIMARY KEY;1;SN;0
dbo;Order_Manufacturing;PK_Order_Manufacturing;PRIMARY KEY;1;ID;0
dbo;Order_ManufacturingDetailsItems;PK_Order_ManufacturingDetailsItems;PRIMARY KEY;1;SN;0
dbo;Order_ManufacturingDetailsNew;PK_Order_ManufacturingDetailsNew;PRIMARY KEY;1;SN;0
dbo;Order_ManufacturingOrder;PK_Order_ManufacturingOrder;PRIMARY KEY;1;ID;0
dbo;Order_ManufacturingOrderDetails;PK_Order_ManufacturingOrderDetails;PRIMARY KEY;1;SN;0
dbo;Order_MoveHall;PK_Order_MoveHall;PRIMARY KEY;1;Id;0
dbo;Order_OpenQuantity;PK_Order_OpenQuantity;PRIMARY KEY;1;ID;0
dbo;Order_OpenQuantityDetails;PK_Order_OpenQuantityDetails;PRIMARY KEY;1;SN;0
dbo;Order_OrderReturn;PK_Order_OrderReturn_1;PRIMARY KEY;1;ID;0
dbo;Order_OrderReturnDetails;PK_Order_OrderReturnDetails;PRIMARY KEY;1;SN;0
dbo;Order_Orders;PK_Order_Orders_1;PRIMARY KEY;1;ID;0
dbo;Order_OrdersDetails;PK_Order_OrdersDetails_1;PRIMARY KEY;1;SN;0
dbo;Order_OrdersDetailsDraft;PK_Order_OrdersDetailsDraft_2;PRIMARY KEY;1;SN;0
dbo;Order_OrdersDraft;PK_Order_Orders_2;PRIMARY KEY;1;ID;0
dbo;Order_PaymentItem;PK_Order_PaymentItem;PRIMARY KEY;1;ID;0
dbo;Order_PaymentItemDetails;PK_Order_PaymentItemDetails;PRIMARY KEY;1;SN;0
dbo;Order_PriceOffer;PK_Order_PriceOffer;PRIMARY KEY;1;ID;0
dbo;Order_PriceOfferDetails;PK_Order_PriceOfferDetails;PRIMARY KEY;1;SN;0
dbo;Order_Purchases;PK_Order_Purchases;PRIMARY KEY;1;ID;0
dbo;Order_PurchasesDetails;PK_Order_PurchasesDetails;PRIMARY KEY;1;SN;0
dbo;Order_PurchasesOrder;PK_Order_PurchasesOrder;PRIMARY KEY;1;ID;0
dbo;Order_PurchasesOrderDetails;PK_Order_PurchasesOrderDetails;PRIMARY KEY;1;SN;0
dbo;Order_PurchasesReturn;PK_Order_PurchasesReturn_1;PRIMARY KEY;1;ID;0
dbo;Order_PurchasesReturnDetails;PK_Order_PurchasesReturnDetails_1;PRIMARY KEY;1;SN;0
dbo;Order_RecItem;PK_Order_RecItem;PRIMARY KEY;1;ID;0
dbo;Order_RecItemDetails;PK_Order_RecItemDetails;PRIMARY KEY;1;SN;0
dbo;Order_Reservation;PK_Order_Reservation;PRIMARY KEY;1;ID;0
dbo;Order_Reservations;PK__Order_Re__3214EC27426646D2;PRIMARY KEY;1;ID;0
dbo;Order_StoreTransfer;PK_Order_StoreTransfer;PRIMARY KEY;1;SN;0
dbo;Order_StoreTransferDetails;PK_Order_StoreTransferDetails;PRIMARY KEY;1;SN;0
dbo;Order_Transfer_Master;PK_Transfer_Master;PRIMARY KEY;1;ID;0
dbo;Order_Transfer_MasterDetails;PK_Transfer_MasterDetails;PRIMARY KEY;1;SN;0
dbo;Order_Transfer_StatusType;PK_Transfer_Type;PRIMARY KEY;1;ID;0
dbo;Order_Transfer_TrackingType;PK_Order_Transfer_TrackingType;PRIMARY KEY;1;ID;0
dbo;Order_TransferFromBranch;PK_Order_TransferFromBranch;PRIMARY KEY;1;ID;0
dbo;Order_TransferFromBranchDetails;PK_Order_TransferFromBranchDetails;PRIMARY KEY;1;SN;0
dbo;Order_TransferToBranch;PK_Order_TransferToBranch_1;PRIMARY KEY;1;ID;0
dbo;Order_TransferToBranchDetails;PK_Order_TransferToBranchDetails_1;PRIMARY KEY;1;SN;0
dbo;OrderDalala_Dalala;PK_OrderDalala_Dalala_1;PRIMARY KEY;1;ID;0
dbo;OrderDalala_DalalaDetails;PK_OrderDalala_DalalaDetails_1;PRIMARY KEY;1;SN;0
dbo;OrderDalala_Sending;PK_OrderDalala_Sending;PRIMARY KEY;1;ID;0
dbo;OrderDalala_SendingDetails;PK_OrderDalala_SendingDetails;PRIMARY KEY;1;SN;0
dbo;OrderRent_Recipt;PK_OrderRent_Recipt_1;PRIMARY KEY;1;ID;0
dbo;OrderRent_Recipt3;PK_OrderRent_Recipt_3;PRIMARY KEY;1;ID;0
dbo;OrderRent_RecpitDetails;PK_OrderRent_RecpitDetails;PRIMARY KEY;1;SN;0
dbo;OrderRent_RecpitDetails3;PK_OrderRent_RecpitDetails3;PRIMARY KEY;1;SN;0
dbo;OrderRent_Rent;PK_OrderRent_Rent;PRIMARY KEY;1;ID;0
dbo;OrderRent_RentDetails;PK_OrderRent_RentDetails;PRIMARY KEY;1;SN;0
dbo;Orders_PriceShowRental;Orders_PriceShowRental2;PRIMARY KEY;1;ID;0
dbo;Orders_RentalInvoice;Orders_RentalInvoice2;PRIMARY KEY;1;ID;0
dbo;OrdersReturn_RentalInvoice;PK_OrdersReturn_RentalInvoice;PRIMARY KEY;1;ID;0
dbo;Ordert_PriceShowRentalDetails;Orders_PriceShowRental3;PRIMARY KEY;1;SN;0
dbo;Ordert_RentalInvoiceDetails;PK_Ordert_RentalInvoice2;PRIMARY KEY;1;SN;0
dbo;OrdertReturn_RentalInvoiceDetails;PK_OrdertReturn_RentalInvoiceDetails;PRIMARY KEY;1;SN;0
dbo;PriceOffer_Reservations;PK__PriceOff__3214EC276BA20A7F;PRIMARY KEY;1;ID;0
dbo;Printers;PK_Printers;PRIMARY KEY;1;ID;0
dbo;PrintersCook;PK_PrintersCook;PRIMARY KEY;1;ID;0
dbo;RebuildAllIndexes;PK_RebuildAllIndexes;PRIMARY KEY;1;SN;0
dbo;RentalExpenses;PK__RentalEx__3214EC07101744A3;PRIMARY KEY;1;Id;0
dbo;RentalExpensesDetails;PK__RentalEx__32151C64ADD9BCE2;PRIMARY KEY;1;SN;0
dbo;Repairs_Groups;PK__Repairs___3214EC07398D3835;PRIMARY KEY;1;Id;0
dbo;Repairs_Malfunctions;PK__Repairs___3214EC075C8A38D1;PRIMARY KEY;1;Id;0
dbo;Repairs_Repair;PK__Repairs___3214EC07F74207E4;PRIMARY KEY;1;Id;0
dbo;Repairs_RepairDetails;PK__Repairs___3214EC079974524C;PRIMARY KEY;1;Id;0
dbo;Restaurant_Delivery;PK_Restaurant_Delivery;PRIMARY KEY;1;SN;0
dbo;Restaurant_DeliveryMan;PK_Restaurant_DeliveryMan;PRIMARY KEY;1;SN;0
dbo;Restaurant_Room;PK_Restaurant_Room;PRIMARY KEY;1;SN;0
dbo;Restaurant_Table;PK_Restaurant_Table;PRIMARY KEY;1;SN;0
dbo;Restaurant_Type;PK_Restaurant_Type;PRIMARY KEY;1;ID;0
dbo;ResultElectronicInvoiceXmls;PK__ResultEl__3214EC079F082871;PRIMARY KEY;1;Id;0
dbo;Scaffold_EntryPermission;PK_Scaffold_EntryPermission;PRIMARY KEY;1;ID;0
dbo;Scaffold_EntryPermissionDetails;PK_Scaffold_EntryPermissionDetails;PRIMARY KEY;1;SN;0
dbo;Scaffold_ExitPermission;PK_Scaffold_ExitPermission;PRIMARY KEY;1;ID;0
dbo;Scaffold_ExitPermissionDetails;PK_Scaffold_ExitPermissionDetails;PRIMARY KEY;1;SN;0
dbo;Scaffold_PriceOffer;PK_Scaffold_PriceOffer;PRIMARY KEY;1;ID;0
dbo;Scaffold_PriceOfferDetails;PK_Scaffold_PriceOfferDetails;PRIMARY KEY;1;SN;0
dbo;Scaffolds_Contract;PK_Scaffolds_Contract;PRIMARY KEY;1;ID;0
dbo;Scaffolds_ContractDetails;PK_Scaffolds_ContractDetails;PRIMARY KEY;1;SN;0
dbo;Scaffolds_MinutesEnd;PK_Scaffolds_MinutesEnd;PRIMARY KEY;1;ID;0
dbo;Scaffolds_MinutesEndDetails;PK_Scaffolds_MinutesEndDetails;PRIMARY KEY;1;SN;0
dbo;Scaffolds_MinutesStarted;PK_Scaffolds_MinutesStarted;PRIMARY KEY;1;ID;0
dbo;Scaffolds_MinutesStartedDetails;PK_Scaffolds_MinutesStartedDetails;PRIMARY KEY;1;SN;0
dbo;Tafqit;PK_Tafqit;PRIMARY KEY;1;Tafqit_ID;0
dbo;TblRemember;PK_TblRemember;PRIMARY KEY;1;ID;0
dbo;TblSetting;PK_Setting;PRIMARY KEY;1;ID;0
dbo;Temp_Accounts;PK_Temp_Accounts;PRIMARY KEY;1;Temp_Account_Sn;0
dbo;TempTranMaterDetails;PK_TempTranMaterDetails;PRIMARY KEY;1;IDCount;0
dbo;TempTrialBalanceByTotal;PK_TempTrialBalanceByTotal;PRIMARY KEY;1;Account_Sn;0
dbo;Tran_Tran;PK_Tran_Tran;PRIMARY KEY;1;ID;0
dbo;Tran_TranDetails;PK_Tran_TranDetails;PRIMARY KEY;1;Sn;0
dbo;Tran_TranTemp;PK_Tran_TranTemp;PRIMARY KEY;1;ID;0
dbo;Tran_TranTempDetails;PK_Tran_TranTempDetails;PRIMARY KEY;1;Sn;0
dbo;Tran_Type;PK_Tran_Type;PRIMARY KEY;1;ID;0
dbo;User_DayClose;PK_User_DayClose;PRIMARY KEY;1;SN;0
dbo;User_Groups;PK_User_Groups;PRIMARY KEY;1;ID;0
dbo;User_Login;PK_User_Login;PRIMARY KEY;1;ID;0
dbo;User_Permission;PK_User_Permission;PRIMARY KEY;1;ID;0
dbo;User_Screens;PK_User_Screens;PRIMARY KEY;1;ID;0
dbo;User_SellPrice;PK_LuckUpSellPrice;PRIMARY KEY;1;ID;0
dbo;Virg_AppType;PK_Virg_AppType;PRIMARY KEY;1;ID;0
dbo;Virg_Branch;PK_Virg_Branch;PRIMARY KEY;1;ID;0
dbo;Virg_Company;PK_Virg_Company;PRIMARY KEY;1;ID;0
dbo;Virg_Franchise;PK_Virg_Franchise;PRIMARY KEY;1;ID;0
dbo;Virg_Master;PK_Verg_Master;PRIMARY KEY;1;ID;0
dbo;Virg_MasterDetails;PK_Virg_MasterDetails;PRIMARY KEY;1;SN;0
dbo;Virg_Statuse;PK_Virg_Statuse;PRIMARY KEY;1;ID;0
dbo;Virg_Type;PK_Virg_Type;PRIMARY KEY;1;ID;0
dbo;Virg_Virgins;PK_Virg_Virgins;PRIMARY KEY;1;ID;0
