Schema,Table,Class,Columns
dbo,Account_Accounts,Account_Accounts,26
dbo,Account_AccountType,Account_AccountType,2
dbo,Account_Branch,Account_Branch,15
dbo,Account_CostCenters,Account_CostCenters,19
dbo,Account_CustSup,Account_CustSup,34
dbo,Account_CustTailor,Account_CustTailor,26
dbo,Account_DefualtAccount,Account_DefualtAccount,15
dbo,Account_DefualtAccount2,Account_DefualtAccount2,5
dbo,Account_DefualtCustomer,Account_DefualtCustomer,5
dbo,Account_Final,Account_Final,2
dbo,Account_Nature,Account_Nature,2
dbo,Account_Place,Account_Place,10
dbo,Account_Projects,Account_Projects,21
dbo,Account_ProjectsDetails,Account_ProjectsDetails,3
dbo,Account_Receipts,Account_Receipts,25
dbo,Account_ReceiptsDetails,Account_ReceiptsDetails,15
dbo,Account_SalesMan,Account_SalesMan,16
dbo,Account_Stores,Account_Stores,14
dbo,Account_Suspended,Account_Suspended,2
dbo,Account_Type,Account_Type,2
dbo,AccountStartBalance,AccountStartBalance,8
dbo,AccountYearEndClosing,AccountYearEndClosing,7
dbo,AccountYears,AccountYears,2
dbo,AgeingAnalysis,AgeingAnalysis,11
dbo,App_FiscalYearState,App_FiscalYearState,6
dbo,Car_Receive,Car_Receive,25
dbo,CashReceiptsType,CashReceiptsType,2
dbo,Contract_Bounce,Contract_Bounce,17
dbo,Contract_Contract,Contract_Contract,30
dbo,Contract_ContractDetails,Contract_ContractDetails,16
dbo,Contract_EJAR,Contract_EJAR,26
dbo,Contract_Files,Contract_Files,4
dbo,Contract_Guarantee,Contract_Guarantee,28
dbo,Contract_GuaranteeDetails,Contract_GuaranteeDetails,18
dbo,Contract_Store,Contract_Store,7
dbo,Emp_Allowances,Emp_Allowances,12
dbo,Emp_Employee,Emp_Employee,16
dbo,Emp_Entrusted,Emp_Entrusted,12
dbo,Emp_EntrustedEmployee,Emp_EntrustedEmployee,10
dbo,Emp_EntrustedEmployeeDetails,Emp_EntrustedEmployeeDetails,8
dbo,Emp_Payroll,Emp_Payroll,13
dbo,Emp_PayrollDetails,Emp_PayrollDetails,20
dbo,Emp_PayrollTemp,Emp_PayrollTemp,13
dbo,Emp_PayrollTempDetails,Emp_PayrollTempDetails,17
dbo,EmployeeAllowances,EmployeeAllowances,3
dbo,Halls,Halls,10
dbo,Item_Add,Item_Add,9
dbo,Item_Class,Item_Class,10
dbo,Item_Company,Item_Company,10
dbo,Item_Country,Item_Country,10
dbo,Item_Doctor,Item_Doctor,10
dbo,Item_Groups,Item_Groups,14
dbo,Item_Guarantee,Item_Guarantee,10
dbo,Item_ItemComponent,Item_ItemComponent,11
dbo,Item_Items,Item_Items,76
dbo,Item_Type,Item_Type,2
dbo,Item_Unit,Item_Unit,10
dbo,ItemQuantity,ItemQuantity,8
dbo,Items_ContentAlignment_ForCashier,Items_ContentAlignment_ForCashier,2
dbo,LoginLogs,LoginLogs,6
dbo,Order_CheckoutOrders,Order_CheckoutOrders,41
dbo,Order_CheckoutOrdersDetails,Order_CheckoutOrdersDetails,19
dbo,Order_Extension,Order_Extension,10
dbo,Order_Gard,Order_Gard,13
dbo,Order_GardDetails,Order_GardDetails,11
dbo,Order_InventorySettlementMinus,Order_InventorySettlementMinus,14
dbo,Order_InventorySettlementMinusDetails,Order_InventorySettlementMinusDetails,12
dbo,Order_Manufacturing,Order_Manufacturing,25
dbo,Order_ManufacturingDetailsItems,Order_ManufacturingDetailsItems,16
dbo,Order_ManufacturingDetailsNew,Order_ManufacturingDetailsNew,20
dbo,Order_ManufacturingOrder,Order_ManufacturingOrder,25
dbo,Order_ManufacturingOrderDetails,Order_ManufacturingOrderDetails,15
dbo,Order_MoveHall,Order_MoveHall,23
dbo,Order_OpenQuantity,Order_OpenQuantity,14
dbo,Order_OpenQuantityDetails,Order_OpenQuantityDetails,12
dbo,Order_OrderReturn,Order_OrderReturn,48
dbo,Order_OrderReturnDetails,Order_OrderReturnDetails,27
dbo,Order_Orders,Order_Orders,87
dbo,Order_OrdersDetails,Order_OrdersDetails,40
dbo,Order_OrdersDetailsDraft,Order_OrdersDetailsDraft,40
dbo,Order_OrdersDraft,Order_OrdersDraft,80
dbo,Order_PaymentItem,Order_PaymentItem,33
dbo,Order_PaymentItemDetails,Order_PaymentItemDetails,16
dbo,Order_PriceOffer,Order_PriceOffer,45
dbo,Order_PriceOfferDetails,Order_PriceOfferDetails,33
dbo,Order_Purchases,Order_Purchases,36
dbo,Order_PurchasesDetails,Order_PurchasesDetails,20
dbo,Order_PurchasesOrder,Order_PurchasesOrder,30
dbo,Order_PurchasesOrderDetails,Order_PurchasesOrderDetails,16
dbo,Order_PurchasesReturn,Order_PurchasesReturn,32
dbo,Order_PurchasesReturnDetails,Order_PurchasesReturnDetails,18
dbo,Order_RecItem,Order_RecItem,33
dbo,Order_RecItemDetails,Order_RecItemDetails,16
dbo,Order_Reservation,Order_Reservation,10
dbo,Order_Reservations,Order_Reservations,15
dbo,Order_StoreTransfer,Order_StoreTransfer,15
dbo,Order_StoreTransferDetails,Order_StoreTransferDetails,10
dbo,Order_Transfer_Master,Order_Transfer_Master,30
dbo,Order_Transfer_MasterDetails,Order_Transfer_MasterDetails,17
dbo,Order_Transfer_StatusType,Order_Transfer_StatusType,2
dbo,Order_Transfer_TrackingType,Order_Transfer_TrackingType,2
dbo,Order_TransferFromBranch,Order_TransferFromBranch,34
dbo,Order_TransferFromBranchDetails,Order_TransferFromBranchDetails,16
dbo,Order_TransferToBranch,Order_TransferToBranch,34
dbo,Order_TransferToBranchDetails,Order_TransferToBranchDetails,16
dbo,Order_TypeElectronicInvoice,Order_TypeElectronicInvoice,2
dbo,OrderDalala_Dalala,OrderDalala_Dalala,44
dbo,OrderDalala_DalalaDetails,OrderDalala_DalalaDetails,19
dbo,OrderDalala_Sending,OrderDalala_Sending,18
dbo,OrderDalala_SendingDetails,OrderDalala_SendingDetails,10
dbo,OrderRent_Recipt,OrderRent_Recipt,35
dbo,OrderRent_Recipt3,OrderRent_Recipt3,44
dbo,OrderRent_RecpitDetails,OrderRent_RecpitDetails,18
dbo,OrderRent_RecpitDetails3,OrderRent_RecpitDetails3,22
dbo,OrderRent_Rent,OrderRent_Rent,32
dbo,OrderRent_RentDetails,OrderRent_RentDetails,17
dbo,Orders_PriceShowRental,Orders_PriceShowRental,36
dbo,Orders_RentalInvoice,Orders_RentalInvoice,37
dbo,OrdersReturn_RentalInvoice,OrdersReturn_RentalInvoice,38
dbo,Ordert_PriceShowRentalDetails,Ordert_PriceShowRentalDetails,22
dbo,Ordert_RentalInvoiceDetails,Ordert_RentalInvoiceDetails,22
dbo,OrdertReturn_RentalInvoiceDetails,OrdertReturn_RentalInvoiceDetails,23
dbo,PriceOffer_Reservations,PriceOffer_Reservations,15
dbo,Printers,Printers,5
dbo,PrintersCook,PrintersCook,4
dbo,RebuildAllIndexes,RebuildAllIndexes,2
dbo,RentalExpenses,RentalExpenses,13
dbo,RentalExpensesDetails,RentalExpensesDetails,10
dbo,Repairs_Groups,Repairs_Groups,2
dbo,Repairs_Malfunctions,Repairs_Malfunctions,3
dbo,Repairs_Repair,Repairs_Repair,8
dbo,Repairs_RepairDetails,Repairs_RepairDetails,4
dbo,Restaurant_Delivery,Restaurant_Delivery,8
dbo,Restaurant_DeliveryMan,Restaurant_DeliveryMan,12
dbo,Restaurant_Room,Restaurant_Room,16
dbo,Restaurant_Table,Restaurant_Table,16
dbo,Restaurant_Type,Restaurant_Type,2
dbo,ResultElectronicInvoiceXmls,ResultElectronicInvoiceXmls,31
dbo,Scaffold_EntryPermission,Scaffold_EntryPermission,32
dbo,Scaffold_EntryPermissionDetails,Scaffold_EntryPermissionDetails,20
dbo,Scaffold_ExitPermission,Scaffold_ExitPermission,32
dbo,Scaffold_ExitPermissionDetails,Scaffold_ExitPermissionDetails,20
dbo,Scaffold_PriceOffer,Scaffold_PriceOffer,33
dbo,Scaffold_PriceOfferDetails,Scaffold_PriceOfferDetails,18
dbo,Scaffolds_Contract,Scaffolds_Contract,35
dbo,Scaffolds_ContractDetails,Scaffolds_ContractDetails,17
dbo,Scaffolds_MinutesEnd,Scaffolds_MinutesEnd,34
dbo,Scaffolds_MinutesEndDetails,Scaffolds_MinutesEndDetails,17
dbo,Scaffolds_MinutesStarted,Scaffolds_MinutesStarted,33
dbo,Scaffolds_MinutesStartedDetails,Scaffolds_MinutesStartedDetails,18
dbo,Tafqit,Tafqit,2
dbo,TblRemember,TblRemember,3
dbo,TblSetting,TblSetting,106
dbo,Temp_Accounts,Temp_Accounts,1
dbo,TempAccounts,TempAccounts,22
dbo,TempAgeingAnalysis,TempAgeingAnalysis,5
dbo,TempBudget,TempBudget,21
dbo,TempTranMaterDetails,TempTranMaterDetails,27
dbo,TempTrialBalanceByTotal,TempTrialBalanceByTotal,14
dbo,Tran_Tran,Tran_Tran,20
dbo,Tran_TranDetails,Tran_TranDetails,11
dbo,Tran_TranTemp,Tran_TranTemp,15
dbo,Tran_TranTempDetails,Tran_TranTempDetails,11
dbo,Tran_Type,Tran_Type,2
dbo,User_DayClose,User_DayClose,31
dbo,User_Groups,User_Groups,18
dbo,User_Login,User_Login,27
dbo,User_Permission,User_Permission,18
dbo,User_Screens,User_Screens,6
dbo,User_SellPrice,User_SellPrice,2
dbo,Virg_AppType,Virg_AppType,2
dbo,Virg_Branch,Virg_Branch,13
dbo,Virg_Company,Virg_Company,2
dbo,Virg_Franchise,Virg_Franchise,5
dbo,Virg_Master,Virg_Master,2
dbo,Virg_MasterDetails,Virg_MasterDetails,37
dbo,Virg_Statuse,Virg_Statuse,2
dbo,Virg_Type,Virg_Type,2
dbo,Virg_Virgins,Virg_Virgins,4
dbo,__EFMigrationsHistory,__EFMigrationsHistory,2
