Schema;Procedure;ObjectId;CreateDate;ModifyDate;DefinitionLength;HasDefinition;Module
dbo;Account_YearEnd;747149707;2026-01-10 14:59:15.130;2026-01-10 14:59:15.130;6931;1;Account
dbo;AccountCharge;763149764;2026-01-10 14:59:15.137;2026-01-10 14:59:15.137;277;1;Account
dbo;AddTemp_Budget;779149821;2026-01-10 14:59:15.140;2026-01-10 14:59:15.140;12043;1;AddTemp
dbo;AddTemp_BudgetAllBranch;795149878;2026-01-10 14:59:15.147;2026-01-10 14:59:15.147;5452;1;AddTemp
dbo;AddTempAgeingAnalysis;811149935;2026-01-10 14:59:15.150;2026-01-10 14:59:15.150;1018;1;AddTempAgeingAnalysis
dbo;AddTempTranMaterDetails;827149992;2026-01-10 14:59:15.153;2026-01-10 14:59:15.153;4253;1;AddTempTranMaterDetails
dbo;AddTempTrialBalance_New;843150049;2026-01-10 14:59:15.167;2026-05-16 17:44:59.057;21778;1;AddTempTrialBalance
dbo;AddTempTrialBalanceByTotal;859150106;2026-01-10 14:59:15.187;2026-05-19 16:02:59.937;32696;1;AddTempTrialBalanceByTotal
dbo;api_CategoriesGetAllGategories;875150163;2026-01-10 14:59:15.190;2026-01-10 14:59:15.190;520;1;api
dbo;api_Get_RoomDetails;891150220;2026-01-10 14:59:15.190;2026-01-10 14:59:15.190;389;1;api
dbo;api_Get_TableDetails;907150277;2026-01-10 14:59:15.190;2026-01-10 14:59:15.190;397;1;api
dbo;api_GetAllBranches;923150334;2026-01-10 14:59:15.193;2026-01-10 14:59:15.193;461;1;api
dbo;api_GetAllItemsByGategories;939150391;2026-01-10 14:59:15.197;2026-01-10 14:59:15.197;253;1;api
dbo;api_GetAllRestaurant_Room;955150448;2026-01-10 14:59:15.197;2026-01-10 14:59:15.197;184;1;api
dbo;api_GetAllRestaurant_RoomByPause;971150505;2026-01-10 14:59:15.197;2026-01-10 14:59:15.197;207;1;api
dbo;api_GetAllRestaurant_Table;987150562;2026-01-10 14:59:15.200;2026-01-10 14:59:15.200;186;1;api
dbo;api_GetAllRestaurant_TableByPause;1003150619;2026-01-10 14:59:15.200;2026-01-10 14:59:15.200;209;1;api
dbo;api_Login;1019150676;2026-01-10 14:59:15.203;2026-01-10 14:59:15.203;280;1;api
dbo;ClearDB;1035150733;2026-01-10 14:59:15.207;2026-05-11 15:17:15.757;3771;1;ClearDB
dbo;ClearEmptyDB;1051150790;2026-01-10 14:59:15.213;2026-05-11 15:17:15.770;4741;1;ClearEmptyDB
dbo;Cloud;1067150847;2026-01-10 14:59:15.217;2026-01-10 14:59:15.217;2164;1;Cloud
dbo;CreateTableType;1083150904;2026-01-10 14:59:15.220;2026-01-10 14:59:15.220;1375;1;CreateTableType
dbo;DebtReconstruction;1760725325;2026-06-04 15:35:10.637;2026-06-04 15:35:10.637;3144;1;DebtReconstruction
dbo;Delete_Order_OpenQuantity;1099150961;2026-01-10 14:59:15.220;2026-01-10 14:59:15.220;218;1;Delete
dbo;Delete_Order_OpenQuantity_ALL;1115151018;2026-01-10 14:59:15.223;2026-01-10 14:59:15.223;491;1;Delete
dbo;Delete_Order_OpenQuantityDetails;1131151075;2026-01-10 14:59:15.227;2026-01-10 14:59:15.227;2770;1;Delete
dbo;Delete_Order_Order_ALL;1147151132;2026-01-10 14:59:15.227;2026-01-10 14:59:15.227;1177;1;Delete
dbo;Delete_Order_Order_ALL_Draft;1163151189;2026-01-10 14:59:15.230;2026-01-10 14:59:15.230;529;1;Delete
dbo;Delete_Order_Orders;1179151246;2026-01-10 14:59:15.230;2026-01-10 14:59:15.230;209;1;Delete
dbo;Delete_Order_OrdersDetails;1195151303;2026-01-10 14:59:15.233;2026-01-10 14:59:15.233;3641;1;Delete
dbo;Delete_Order_OrdersDetailsDraft;1211151360;2026-01-10 14:59:15.237;2026-01-10 14:59:15.237;1155;1;Delete
dbo;Delete_Order_OrdersDraft;1227151417;2026-01-10 14:59:15.240;2026-01-10 14:59:15.240;219;1;Delete
dbo;Delete_Order_Purchases;1243151474;2026-01-10 14:59:15.240;2026-01-10 14:59:15.240;212;1;Delete
dbo;Delete_Order_Purchases_ALL;1259151531;2026-01-10 14:59:15.240;2026-01-10 14:59:15.240;1199;1;Delete
dbo;Delete_Order_PurchasesDetails;1275151588;2026-01-10 14:59:15.243;2026-01-10 14:59:15.243;2766;1;Delete
dbo;Delete_Tran_Tran;1291151645;2026-01-10 14:59:15.247;2026-01-10 14:59:15.247;271;1;Delete
dbo;Delete_Tran_TranDetails;1307151702;2026-01-10 14:59:15.247;2026-01-10 14:59:15.247;202;1;Delete
dbo;Drop_Procedures_And_Type;1323151759;2026-01-10 14:59:15.250;2026-01-10 14:59:15.250;379;1;Drop
dbo;Fix_Item;992722589;2026-04-01 16:00:41.610;2026-04-02 10:48:21.417;5480;1;Fix
dbo;Get_Account_Tree;1339151816;2026-01-10 14:59:15.253;2026-01-10 14:59:15.253;781;1;Get
dbo;Get_AfterRoots;1355151873;2026-01-10 14:59:15.253;2026-01-10 14:59:15.253;706;1;Get
dbo;Get_All_Items;1371151930;2026-01-10 14:59:15.260;2026-01-10 14:59:15.260;2658;1;Get
dbo;Get_Averg_AllItems;1387151987;2026-01-10 14:59:15.260;2026-01-10 14:59:15.260;500;1;Get
dbo;Get_AvergItem;1403152044;2026-01-10 14:59:15.270;2026-01-31 15:56:21.433;16138;1;Get
dbo;Get_AvergItemByTable;1419152101;2026-01-10 14:59:15.273;2026-01-10 14:59:15.273;614;1;Get
dbo;Get_ContractActive_DisActive;1435152158;2026-01-10 14:59:15.277;2026-01-10 14:59:15.277;2377;1;Get
dbo;Get_ContractCustomer;1451152215;2026-01-10 14:59:15.277;2026-01-10 14:59:15.277;921;1;Get
dbo;Get_Cust_Guarantee;1467152272;2026-01-10 14:59:15.280;2026-01-10 14:59:15.280;1023;1;Get
dbo;Get_EmployeeAllowances;1483152329;2026-01-10 14:59:15.283;2026-01-10 14:59:15.283;483;1;Get
dbo;Get_ExitItems_ByContractID;944722418;2026-03-19 17:54:02.950;2026-03-31 16:19:07.080;762;1;Get
dbo;Get_Item_ByCodeALL;1499152386;2026-01-10 14:59:15.287;2026-01-10 14:59:15.287;2435;1;Get
dbo;Get_Item_ByID;1515152443;2026-01-10 14:59:15.290;2026-01-10 14:59:15.290;1906;1;Get
dbo;Get_Item_ByItemCode;1531152500;2026-01-10 14:59:15.293;2026-01-10 14:59:15.293;1705;1;Get
dbo;Get_Item_BySearchOpenQauntity;1547152557;2026-01-10 14:59:15.293;2026-01-10 14:59:15.293;884;1;Get
dbo;Get_Item_BySearchPurchases;1563152614;2026-01-10 14:59:15.297;2026-01-10 14:59:15.297;1098;1;Get
dbo;Get_ItemGroupToPrintCashier;1579152671;2026-01-10 14:59:15.300;2026-01-10 14:59:15.300;885;1;Get
dbo;Get_ItemGroupToPrintCashierItem;1595152728;2026-01-10 14:59:15.300;2026-01-10 14:59:15.300;1094;1;Get
dbo;Get_Items_ByCode;1611152785;2026-01-10 14:59:15.303;2026-01-10 14:59:15.303;822;1;Get
dbo;Get_Items_Stock_Report;960722475;2026-03-31 16:19:07.083;2026-04-07 11:36:34.103;2498;1;Get
dbo;Get_MizanBarcode;1627152842;2026-01-10 14:59:15.303;2026-01-10 14:59:15.303;861;1;Get
dbo;Get_ProfitAndLossAccount;1643152899;2026-01-10 14:59:15.307;2026-01-10 14:59:15.307;5088;1;Get
dbo;Get_ProfitAndLossAccountAllBranch;1659152956;2026-01-10 14:59:15.310;2026-01-10 14:59:15.310;7245;1;Get
dbo;Get_Report_OrdersPurches;1675153013;2026-01-10 14:59:15.313;2026-01-10 14:59:15.313;6624;1;Get
dbo;Get_Report_OrdersPurches_ByGroups;1691153070;2026-01-10 14:59:15.320;2026-01-10 14:59:15.320;7081;1;Get
dbo;Get_Report_QuantityOrdersPurches;1707153127;2026-01-10 14:59:15.323;2026-01-10 14:59:15.323;6596;1;Get
dbo;Get_Restaurant_Delivery;1723153184;2026-01-10 14:59:15.323;2026-01-10 14:59:15.323;567;1;Get
dbo;Get_Scaffolds_Contracts_Filter;928722361;2026-03-19 17:54:02.947;2026-04-23 15:40:40.847;1666;1;Get
dbo;Get_Serial;1739153241;2026-01-10 14:59:15.327;2026-01-10 14:59:15.327;1598;1;Get
dbo;Get_Supplier_Items_Scaffold;976722532;2026-03-31 16:19:07.090;2026-03-31 16:19:07.090;1504;1;Get
dbo;Get_SupplierAccount;1755153298;2026-01-10 14:59:15.330;2026-01-10 14:59:15.330;119;1;Get
dbo;Get_virginByStatuse;1771153355;2026-01-10 14:59:15.330;2026-02-03 13:19:19.333;2297;1;Get
dbo;GetAccountBalance;1787153412;2026-01-10 14:59:15.333;2026-01-10 14:59:15.333;914;1;GetAccountBalance
dbo;GetAccountBalanceByAccID;1803153469;2026-01-10 14:59:15.337;2026-01-10 14:59:15.337;757;1;GetAccountBalanceByAccID
dbo;GetAccountPath;1819153526;2026-01-10 14:59:15.337;2026-01-10 14:59:15.337;287;1;GetAccountPath
dbo;GetAccountTree;1835153583;2026-01-10 14:59:15.340;2026-01-10 14:59:15.340;1260;1;GetAccountTree
dbo;GetAllBranches;1851153640;2026-01-10 14:59:15.340;2026-01-10 14:59:15.340;97;1;GetAllBranches
dbo;GetAllitems_Alternatives;1867153697;2026-01-10 14:59:15.343;2026-02-22 13:17:59.407;4154;1;GetAllitems
dbo;GetBalanceGroupAccounts;1883153754;2026-01-10 14:59:15.347;2026-01-10 14:59:15.347;6852;1;GetBalanceGroupAccounts
dbo;GetCostCenterDetails;1899153811;2026-01-10 14:59:15.350;2026-01-10 14:59:15.350;1135;1;GetCostCenterDetails
dbo;GetCsrZakat;1915153868;2026-01-10 14:59:15.350;2026-01-10 14:59:15.350;451;1;GetCsrZakat
dbo;GetDataForZakatToCrm;1931153925;2026-01-10 14:59:15.353;2026-01-10 14:59:15.353;741;1;GetDataForZakatToCrm
dbo;GetItemDetails;1947153982;2026-01-10 14:59:15.353;2026-01-10 14:59:15.353;551;1;GetItemDetails
dbo;GetItemQuantityByBranch;1963154039;2026-01-10 14:59:15.357;2026-01-10 14:59:15.357;486;1;GetItemQuantityByBranch
dbo;GetLastOrderDetailsByItemID;1979154096;2026-01-10 14:59:15.360;2026-01-10 14:59:15.360;740;1;GetLastOrderDetailsByItemID
dbo;GetLedger_Employee;1995154153;2026-01-10 14:59:15.360;2026-01-10 14:59:15.360;287;1;GetLedger
dbo;GetOrderDetailsByInvoiceID;2011154210;2026-01-10 14:59:15.363;2026-01-10 14:59:15.363;3898;1;GetOrderDetailsByInvoiceID
dbo;GetOrderDetailsWithReturns;2027154267;2026-01-10 14:59:15.367;2026-01-10 14:59:15.367;4246;1;GetOrderDetailsWithReturns
dbo;GetOrderRentalDetails;2043154324;2026-01-10 14:59:15.370;2026-01-10 14:59:15.370;3674;1;GetOrderRentalDetails
dbo;GetOrderReservations;2059154381;2026-01-10 14:59:15.373;2026-01-10 14:59:15.373;4563;1;GetOrderReservations
dbo;GetOrdersWithDetails;2075154438;2026-01-10 14:59:15.380;2026-01-10 14:59:15.380;6298;1;GetOrdersWithDetails
dbo;GetOrdersWithDetailsDraft;2091154495;2026-01-10 14:59:15.390;2026-02-22 13:17:59.410;6161;1;GetOrdersWithDetailsDraft
dbo;GetPriceOffersWithDetails;2107154552;2026-01-10 14:59:15.397;2026-01-10 14:59:15.397;6140;1;GetPriceOffersWithDetails
dbo;GetPrinter_ID_Name;2123154609;2026-01-10 14:59:15.410;2026-01-10 14:59:15.410;471;1;GetPrinter
dbo;GetQuantityFromItem_ByItemCode_StoreId;2139154666;2026-01-10 14:59:15.417;2026-01-10 14:59:15.417;9440;1;GetQuantityFromItem
dbo;GetRecpitInvoiceDetails;7671075;2026-01-10 14:59:15.420;2026-01-10 14:59:15.420;3251;1;GetRecpitInvoiceDetails
dbo;GetRentalInvoiceDetails;23671132;2026-01-10 14:59:15.423;2026-01-10 14:59:15.423;2954;1;GetRentalInvoiceDetails
dbo;GetRented;39671189;2026-01-10 14:59:15.427;2026-01-10 14:59:15.427;908;1;GetRented
dbo;GetRepairWithDetails;55671246;2026-01-10 14:59:15.430;2026-01-10 14:59:15.430;638;1;GetRepairWithDetails
dbo;GetReport_BounceContract;71671303;2026-01-10 14:59:15.430;2026-01-10 14:59:15.430;1050;1;GetReport
dbo;GetReport_Car;87671360;2026-01-10 14:59:15.433;2026-01-10 14:59:15.433;1500;1;GetReport
dbo;GetReport_Contract;103671417;2026-01-10 14:59:15.437;2026-01-10 14:59:15.437;1483;1;GetReport
dbo;GetReport_CostCenters;119671474;2026-01-10 14:59:15.440;2026-01-10 14:59:15.440;7704;1;GetReport
dbo;GetReport_CostCentersByFather;1136723102;2026-04-29 20:27:38.090;2026-04-30 09:25:31.400;3727;1;GetReport
dbo;GetReport_EmployeeSales;135671531;2026-01-10 14:59:15.447;2026-01-10 14:59:15.447;12062;1;GetReport
dbo;GetReport_EmployeeSales_2;151671588;2026-01-10 14:59:15.450;2026-01-10 14:59:15.450;7272;1;GetReport
dbo;GetReport_Guarantee;167671645;2026-01-10 14:59:15.450;2026-01-10 14:59:15.450;1347;1;GetReport
dbo;GetReport_ItemsMenu;183671702;2026-01-10 14:59:15.453;2026-01-10 14:59:15.453;757;1;GetReport
dbo;GetReport_MovementAllItemActive;199671759;2026-01-10 14:59:15.460;2026-01-10 14:59:15.460;11108;1;GetReport
dbo;GetReport_MovementAllItemActive_Summary;1988202133;2026-01-14 11:40:29.183;2026-01-14 11:40:29.183;6124;1;GetReport
dbo;GetReport_MovementItem;215671816;2026-01-10 14:59:15.470;2026-01-10 14:59:15.470;12570;1;GetReport
dbo;GetReport_MovementItemActive;231671873;2026-01-10 14:59:15.477;2026-04-02 12:04:14.427;12110;1;GetReport
dbo;GetReport_MovementItemBetweenToDate;1668200993;2026-01-11 15:02:34.337;2026-04-02 12:04:14.440;11267;1;GetReport
dbo;GetReport_MovementsDailyReport;247671930;2026-01-10 14:59:15.483;2026-01-10 14:59:15.483;11299;1;GetReport
dbo;GetReport_MovementsDailyReport2;263671987;2026-01-10 14:59:15.490;2026-01-10 14:59:15.490;14109;1;GetReport
dbo;GetReport_MovementsDailyReport2_ByUser;279672044;2026-01-10 14:59:15.500;2026-01-10 14:59:15.500;12584;1;GetReport
dbo;GetReport_MovementsDailyReportAllBranch;295672101;2026-01-10 14:59:15.507;2026-01-10 14:59:15.507;10948;1;GetReport
dbo;GetReport_MovementsDailyReportCloseDay;311672158;2026-01-10 14:59:15.513;2026-01-10 14:59:15.513;14907;1;GetReport
dbo;GetReport_NetProfitOrdersBySalesMan;327672215;2026-01-10 14:59:15.520;2026-01-10 14:59:15.520;5072;1;GetReport
dbo;GetReport_Order_Reservation;343672272;2026-01-10 14:59:15.523;2026-01-10 14:59:15.523;1100;1;GetReport
dbo;GetReport_Order_TransferfromBranch;359672329;2026-01-10 14:59:15.523;2026-01-10 14:59:15.523;1201;1;GetReport
dbo;GetReport_Order_TransferToBranch;375672386;2026-01-10 14:59:15.527;2026-01-10 14:59:15.527;1157;1;GetReport
dbo;GetReport_OrderDalala_Dalala;391672443;2026-01-10 14:59:15.530;2026-01-10 14:59:15.530;1386;1;GetReport
dbo;GetReport_OrderDalala_Sending;407672500;2026-01-10 14:59:15.530;2026-01-10 14:59:15.530;1114;1;GetReport
dbo;GetReport_OrderDetails;423672557;2026-01-10 14:59:15.533;2026-01-10 14:59:15.533;1163;1;GetReport
dbo;GetReport_OrderDetailsByBounce;439672614;2026-01-10 14:59:15.537;2026-01-10 14:59:15.537;1278;1;GetReport
dbo;GetReport_OrderDetailsByCatogry;455672671;2026-01-10 14:59:15.540;2026-01-10 14:59:15.540;4185;1;GetReport
dbo;GetReport_OrderDetailsByGroups;471672728;2026-01-10 14:59:15.543;2026-01-10 14:59:15.543;3128;1;GetReport
dbo;GetReport_OrderDetailsBySalesMan;487672785;2026-01-10 14:59:15.547;2026-01-10 14:59:15.547;3621;1;GetReport
dbo;GetReport_OrderDetailsSmall;503672842;2026-01-10 14:59:15.550;2026-01-10 14:59:15.550;999;1;GetReport
dbo;GetReport_OrderProfit;519672899;2026-01-10 14:59:15.550;2026-02-16 11:33:31.910;2952;1;GetReport
dbo;GetReport_OrderProfitByGroup;535672956;2026-01-10 14:59:15.553;2026-01-10 14:59:15.553;1038;1;GetReport
dbo;GetReport_OrderProfitByGroupBySalesMan;551673013;2026-01-10 14:59:15.557;2026-01-10 14:59:15.557;1884;1;GetReport
dbo;GetReport_OrderProfitByItem;567673070;2026-01-10 14:59:15.560;2026-01-10 14:59:15.560;1418;1;GetReport
dbo;GetReport_OrderProfitByItem_ItemOnly;583673127;2026-01-10 14:59:15.560;2026-01-10 14:59:15.560;1489;1;GetReport
dbo;GetReport_OrderProfitByItem_ItemOnlyBySalesMan;599673184;2026-01-10 14:59:15.563;2026-01-10 14:59:15.563;2252;1;GetReport
dbo;GetReport_OrderProfitByItemCashierSafryMahly;615673241;2026-01-10 14:59:15.567;2026-01-10 14:59:15.567;4245;1;GetReport
dbo;GetReport_OrderProfitBySalesMan;631673298;2026-01-10 14:59:15.570;2026-01-10 14:59:15.570;2262;1;GetReport
dbo;GetReport_OrderRent;647673355;2026-01-10 14:59:15.573;2026-01-10 14:59:15.573;1981;1;GetReport
dbo;GetReport_OrderReturnDetails;663673412;2026-01-10 14:59:15.577;2026-01-10 14:59:15.577;7648;1;GetReport
dbo;GetReport_OrderReturnDetailsBySalesMan;679673469;2026-01-10 14:59:15.580;2026-01-10 14:59:15.580;4568;1;GetReport
dbo;GetReport_Orders;695673526;2026-01-10 14:59:15.583;2026-01-10 14:59:15.583;5833;1;GetReport
dbo;GetReport_Orders_ByProperties;711673583;2026-01-10 14:59:15.587;2026-01-10 14:59:15.587;4357;1;GetReport
dbo;GetReport_Orders_CashierSafryMahly;727673640;2026-01-10 14:59:15.590;2026-01-12 15:16:15.973;4875;1;GetReport
dbo;GetReport_OrdersBounce;743673697;2026-01-10 14:59:15.597;2026-01-10 14:59:15.597;5567;1;GetReport
dbo;GetReport_OrdersBySalesMan;759673754;2026-01-10 14:59:15.597;2026-01-10 14:59:15.597;1886;1;GetReport
dbo;GetReport_OrdersDateHold;775673811;2026-01-10 14:59:15.603;2026-01-10 14:59:15.603;5801;1;GetReport
dbo;GetReport_OrdersNet_ByProperties;791673868;2026-01-10 14:59:15.610;2026-01-10 14:59:15.610;6898;1;GetReport
dbo;GetReport_OrdersNetPurchOnly_ByProperties;807673925;2026-01-10 14:59:15.613;2026-01-10 14:59:15.613;10762;1;GetReport
dbo;GetReport_OrdersPurchNet_ByProperties;823673982;2026-01-10 14:59:15.623;2026-01-10 14:59:15.623;12732;1;GetReport
dbo;GetReport_OrdersReturn;839674039;2026-01-10 14:59:15.627;2026-01-10 14:59:15.627;3437;1;GetReport
dbo;GetReport_OrdersReturn_ByProperties;855674096;2026-01-10 14:59:15.630;2026-01-10 14:59:15.630;4366;1;GetReport
dbo;GetReport_OrdersReturnBySalesMan;871674153;2026-01-10 14:59:15.633;2026-01-10 14:59:15.633;2509;1;GetReport
dbo;GetReport_Project;887674210;2026-01-10 14:59:15.637;2026-01-10 14:59:15.637;6068;1;GetReport
dbo;GetReport_PurchaesReturnDetails;903674267;2026-01-10 14:59:15.640;2026-01-10 14:59:15.640;7526;1;GetReport
dbo;GetReport_PurchasesNet_ByProperties;919674324;2026-01-10 14:59:15.650;2026-01-10 14:59:15.650;6915;1;GetReport
dbo;GetReport_Purches;935674381;2026-01-10 14:59:15.650;2026-01-10 14:59:15.650;5520;1;GetReport
dbo;GetReport_Purches_ByProperties;951674438;2026-01-10 14:59:15.657;2026-01-10 14:59:15.657;4385;1;GetReport
dbo;GetReport_PurchesDetails;967674495;2026-01-10 14:59:15.670;2026-01-10 14:59:15.670;29276;1;GetReport
dbo;GetReport_PurchesReturn;983674552;2026-01-10 14:59:15.673;2026-01-10 14:59:15.673;3687;1;GetReport
dbo;GetReport_PurchesReturn_ByProperties;999674609;2026-01-10 14:59:15.680;2026-01-10 14:59:15.680;4256;1;GetReport
dbo;GetReport_RentalExpensesDetails;1015674666;2026-01-10 14:59:15.683;2026-01-10 14:59:15.683;594;1;GetReport
dbo;GetReport_RevenuesAndExpensesByItemCode;1031674723;2026-01-10 14:59:15.687;2026-01-10 14:59:15.687;2239;1;GetReport
dbo;GetReport_TobaccoTax;1047674780;2026-01-10 14:59:15.690;2026-01-10 14:59:15.690;1436;1;GetReport
dbo;GetReport_TransActionItems;1063674837;2026-01-10 14:59:15.690;2026-01-10 14:59:15.690;2730;1;GetReport
dbo;GetReport_VatReport;1079674894;2026-01-10 14:59:15.703;2026-02-12 13:19:05.720;12185;1;GetReport
dbo;GetReport_Wedding;1095674951;2026-01-10 14:59:15.710;2026-01-10 14:59:15.710;2519;1;GetReport
dbo;GetReportItemLimit;1111675008;2026-01-10 14:59:15.720;2026-01-10 14:59:15.720;1630;1;GetReportItemLimit
dbo;GetRes;816721962;2026-03-19 17:54:02.927;2026-03-19 17:54:02.927;1134;1;GetRes
dbo;GetTotal_DalalaQuantity;1127675065;2026-01-10 14:59:15.730;2026-01-10 14:59:15.730;216;1;GetTotal
dbo;GetTotalAvergForSore_ByGroup;1143675122;2026-01-10 14:59:15.737;2026-01-10 14:59:15.737;1033;1;GetTotalAvergForSore
dbo;GetTotalAvergForSore_ByItem;1159675179;2026-01-10 14:59:15.747;2026-01-10 14:59:15.747;991;1;GetTotalAvergForSore
dbo;GetTotalAvergForSoreScaffolds_ByItem;1008722646;2026-04-12 13:15:18.660;2026-04-12 13:25:42.770;1297;1;GetTotalAvergForSoreScaffolds
dbo;GetTotalMoneyByProjectId;800721905;2026-03-19 17:54:02.920;2026-03-19 17:54:02.920;237;1;GetTotalMoneyByProjectId
dbo;GetTranTeacher;1175675236;2026-01-10 14:59:15.757;2026-01-10 14:59:15.757;1957;1;GetTranTeacher
dbo;GetTranTeacherByAccountCashBox;1191675293;2026-01-10 14:59:15.763;2026-01-10 14:59:15.763;2497;1;GetTranTeacherByAccountCashBox
dbo;GetUnitNameByID;1207675350;2026-01-10 14:59:15.763;2026-01-10 14:59:15.763;110;1;GetUnitNameByID
dbo;Insert_Gard;1223675407;2026-01-10 14:59:15.767;2026-01-10 14:59:15.767;784;1;Insert
dbo;Insert_GardDetails;1239675464;2026-01-10 14:59:15.770;2026-02-22 13:17:59.403;3062;1;Insert
dbo;Insert_Item_Unit;1255675521;2026-01-10 14:59:15.773;2026-01-10 14:59:15.773;552;1;Insert
dbo;Insert_Items;1271675578;2026-01-10 14:59:15.777;2026-01-10 14:59:15.777;3806;1;Insert
dbo;Insert_ItemsByExecl;1287675635;2026-01-10 14:59:15.780;2026-01-10 14:59:15.780;3940;1;Insert
dbo;Insert_OpenQuantity;1303675692;2026-01-10 14:59:15.800;2026-01-10 14:59:15.800;1106;1;Insert
dbo;Insert_OpenQuantityDetails;1319675749;2026-01-10 14:59:15.807;2026-01-10 14:59:15.807;4223;1;Insert
dbo;Insert_Order_Order_ALL;1335675806;2026-01-10 14:59:15.813;2026-07-19 14:21:02.130;18060;1;Insert
dbo;Insert_Order_Order_ALL_Draft;1351675863;2026-01-10 14:59:15.820;2026-01-10 14:59:15.820;4051;1;Insert
dbo;Insert_Order_Order_ALL2;1367675920;2026-01-10 14:59:15.830;2026-01-19 10:31:37.257;14782;1;Insert
dbo;Insert_Order_OrdersDetails;1383675977;2026-01-10 14:59:15.837;2026-01-10 14:59:15.837;4460;1;Insert
dbo;Insert_Order_OrdersDetails_Restaurant_A;1399676034;2026-01-10 14:59:15.840;2026-01-10 14:59:15.840;4463;1;Insert
dbo;Insert_Order_OrdersDetailsDraft;1415676091;2026-01-10 14:59:15.843;2026-01-10 14:59:15.843;3503;1;Insert
dbo;Insert_Order_Purchases;1431676148;2026-01-10 14:59:15.850;2026-01-10 14:59:15.850;11713;1;Insert
dbo;Insert_Order_PurchasesDetails;1447676205;2026-01-10 14:59:15.857;2026-01-10 14:59:15.857;5687;1;Insert
dbo;Insert_Order_Restaurant_A;1463676262;2026-01-10 14:59:15.863;2026-01-10 14:59:15.863;15688;1;Insert
dbo;Insert_Order_Restaurant_Delivery;1479676319;2026-01-10 14:59:15.867;2026-01-10 14:59:15.867;1459;1;Insert
dbo;Insert_Order_Restaurant_TakeAway;1495676376;2026-01-10 14:59:15.873;2026-01-10 14:59:15.873;17080;1;Insert
dbo;Insert_Tran_Tran;1511676433;2026-01-10 14:59:15.880;2026-01-10 14:59:15.880;946;1;Insert
dbo;INSERT_Tran_TranDetails;1527676490;2026-01-10 14:59:15.880;2026-01-10 14:59:15.880;575;1;INSERT
dbo;InsertDataExcelToSql;1543676547;2026-01-10 14:59:15.880;2026-01-10 14:59:15.880;2305;1;InsertDataExcelToSql
dbo;InvoiceTax;1559676604;2026-01-10 14:59:15.883;2026-01-10 14:59:15.883;2075;1;InvoiceTax
dbo;ItemComponentQuantity_IN;1575676661;2026-01-10 14:59:15.887;2026-01-10 14:59:15.887;2764;1;Item
dbo;ItemComponentQuantity_Out;1591676718;2026-01-10 14:59:15.890;2026-01-10 14:59:15.890;2795;1;Item
dbo;ItemQuantity_IN;1607676775;2026-01-10 14:59:15.890;2026-01-10 14:59:15.890;3984;1;Item
dbo;ItemQuantity_Out;1623676832;2026-01-10 14:59:15.893;2026-01-10 14:59:15.893;4011;1;Item
dbo;Ledger_Account;1639676889;2026-01-10 14:59:15.907;2026-01-10 14:59:15.907;27721;1;Ledger
dbo;Ledger_Account_ByGroups;1655676946;2026-01-10 14:59:15.907;2026-01-10 14:59:15.907;2150;1;Ledger
dbo;Ledger_Account_ByItems;1671677003;2026-01-10 14:59:15.917;2026-01-10 14:59:15.917;27238;1;Ledger
dbo;Ledger_Account_Car;1687677060;2026-01-10 14:59:15.923;2026-01-10 14:59:15.923;17164;1;Ledger
dbo;Ledger_AccountDetails;1703677117;2026-01-10 14:59:15.930;2026-01-10 14:59:15.930;13986;1;Ledger
dbo;Print_Account_Cuss;1719677174;2026-01-10 14:59:15.930;2026-01-10 14:59:15.930;1732;1;Print
dbo;Print_Account_CussByTotal;1735677231;2026-01-10 14:59:15.933;2026-01-10 14:59:15.933;1976;1;Print
dbo;Print_Account_DailyRestrictions_ALL;1751677288;2026-01-10 14:59:15.937;2026-01-10 14:59:15.937;1756;1;Print
dbo;Print_Account_Receipts;1767677345;2026-01-10 14:59:15.940;2026-01-10 14:59:15.940;1003;1;Print
dbo;Print_Account_Receipts2;1783677402;2026-01-10 14:59:15.940;2026-01-10 14:59:15.940;1003;1;Print
dbo;Print_Account_Supp;1799677459;2026-01-10 14:59:15.943;2026-01-10 14:59:15.943;1910;1;Print
dbo;Print_Car;1815677516;2026-01-10 14:59:15.943;2026-01-10 14:59:15.943;1408;1;Print
dbo;Print_Contract_Contract;1831677573;2026-01-10 14:59:15.950;2026-01-10 14:59:15.950;4968;1;Print
dbo;Print_Emp_Payroll;1847677630;2026-01-10 14:59:15.950;2026-01-10 14:59:15.950;1452;1;Print
dbo;Print_Emp_Payroll_All;1863677687;2026-01-10 14:59:15.953;2026-01-10 14:59:15.953;1740;1;Print
dbo;Print_Emp_PayrollTemp;1879677744;2026-01-10 14:59:15.957;2026-01-10 14:59:15.957;1146;1;Print
dbo;Print_EntrustedEmployee;1895677801;2026-01-10 14:59:15.960;2026-01-10 14:59:15.960;643;1;Print
dbo;Print_Order_Cashier;1911677858;2026-01-10 14:59:15.967;2026-01-10 14:59:15.967;6981;1;Print
dbo;Print_Order_CashierByItem;1927677915;2026-01-10 14:59:15.970;2026-01-10 14:59:15.970;4790;1;Print
dbo;Print_Order_CashierByItemCook;1943677972;2026-01-10 14:59:15.980;2026-01-10 14:59:15.980;5825;1;Print
dbo;Print_Order_CashierNoPrint;1959678029;2026-01-10 14:59:15.980;2026-01-10 14:59:15.980;4836;1;Print
dbo;Print_Order_CashierRes;1975678086;2026-01-10 14:59:15.990;2026-01-10 14:59:15.990;13303;1;Print
dbo;Print_Order_CheckoutOrders;1991678143;2026-01-10 14:59:15.997;2026-01-10 14:59:15.997;5960;1;Print
dbo;Print_Order_InventorySettlementMinus;2007678200;2026-01-10 14:59:16.000;2026-01-10 14:59:16.000;1496;1;Print
dbo;Print_Order_ManufacturingOrder;2023678257;2026-01-10 14:59:16.000;2026-01-10 14:59:16.000;3292;1;Print
dbo;Print_Order_OpenQuantity;2039678314;2026-01-10 14:59:16.003;2026-01-10 14:59:16.003;1388;1;Print
dbo;Print_Order_OrderDalala_ISPrint;2055678371;2026-01-10 14:59:16.010;2026-01-10 14:59:16.010;4277;1;Print
dbo;Print_Order_OrderReturn;2071678428;2026-01-10 14:59:16.013;2026-01-10 14:59:16.013;8676;1;Print
dbo;Print_Order_Orders;2087678485;2026-01-10 14:59:16.030;2026-01-10 14:59:16.030;23688;1;Print
dbo;Print_Order_Orders_Res;2103678542;2026-01-10 14:59:16.050;2026-01-10 14:59:16.050;7721;1;Print
dbo;Print_Order_OrdersAfterReturn;2119678599;2026-01-10 14:59:16.057;2026-01-10 14:59:16.057;4967;1;Print
dbo;Print_Order_OrdersDraft;2135678656;2026-01-10 14:59:16.070;2026-01-10 14:59:16.070;24853;1;Print
dbo;Print_Order_PaymentItem;4195065;2026-01-10 14:59:16.073;2026-01-10 14:59:16.073;4969;1;Print
dbo;Print_Order_PriceOffer;20195122;2026-01-10 14:59:16.080;2026-01-10 14:59:16.080;6279;1;Print
dbo;Print_Order_Purchases;36195179;2026-01-10 14:59:16.083;2026-01-10 14:59:16.083;6009;1;Print
dbo;Print_Order_PurchasesOrder;52195236;2026-01-10 14:59:16.087;2026-01-10 14:59:16.087;3491;1;Print
dbo;Print_Order_PurchasesReturn;68195293;2026-01-10 14:59:16.090;2026-01-10 14:59:16.090;6178;1;Print
dbo;Print_Order_RecItem;84195350;2026-01-10 14:59:16.093;2026-01-10 14:59:16.093;5252;1;Print
dbo;Print_Order_Rent;100195407;2026-01-10 14:59:16.100;2026-01-10 14:59:16.100;5972;1;Print
dbo;Print_Order_Rent_Recipt;116195464;2026-01-10 14:59:16.103;2026-01-10 14:59:16.103;6108;1;Print
dbo;Print_Order_StoreTransfer;132195521;2026-01-10 14:59:16.107;2026-01-10 14:59:16.107;1508;1;Print
dbo;Print_Order_TransferFromBranch;148195578;2026-01-10 14:59:16.110;2026-01-10 14:59:16.110;6011;1;Print
dbo;Print_Order_TransferToBranch;164195635;2026-01-10 14:59:16.113;2026-01-10 14:59:16.113;5439;1;Print
dbo;Print_OrderDalala_Dalala;180195692;2026-01-10 14:59:16.120;2026-01-10 14:59:16.120;5503;1;Print
dbo;Print_PriceShowRentalInvoice;196195749;2026-01-10 14:59:16.120;2026-01-10 14:59:16.120;2620;1;Print
dbo;Print_Recipt3;212195806;2026-01-10 14:59:16.127;2026-01-10 14:59:16.127;4308;1;Print
dbo;Print_RentalExpenses;228195863;2026-01-10 14:59:16.127;2026-01-10 14:59:16.127;674;1;Print
dbo;Print_RentalInvoice;244195920;2026-01-10 14:59:16.130;2026-01-10 14:59:16.130;2607;1;Print
dbo;Print_Scaffold_EntryPermission;880722190;2026-03-19 17:54:02.940;2026-03-31 16:19:07.080;1354;1;Print
dbo;Print_Scaffold_ExitPermission;864722133;2026-03-19 17:54:02.940;2026-03-31 16:19:07.077;1347;1;Print
dbo;Print_Scaffold_PriceOffer;848722076;2026-03-19 17:54:02.937;2026-03-31 16:19:07.070;5845;1;Print
dbo;Print_Scaffolds_Contract;832722019;2026-03-19 17:54:02.930;2026-03-19 17:54:02.930;5943;1;Print
dbo;Print_Scaffolds_MinutesEnd;912722304;2026-03-19 17:54:02.947;2026-03-19 17:54:02.947;1298;1;Print
dbo;Print_Scaffolds_MinutesStarted;896722247;2026-03-19 17:54:02.943;2026-03-19 17:54:02.943;1317;1;Print
dbo;Print_SearchAccountTranDetailsByCode;260195977;2026-01-10 14:59:16.133;2026-01-10 14:59:16.133;1207;1;Print
dbo;Print_SearchAccountTranTempDetailsByCode;276196034;2026-01-10 14:59:16.133;2026-01-10 14:59:16.133;1221;1;Print
dbo;Processing_OF_Profits;292196091;2026-01-10 14:59:16.137;2026-01-10 14:59:16.137;632;1;Processing
dbo;RebuildCGEAllIndexes;308196148;2026-01-10 14:59:16.140;2026-01-10 14:59:16.140;1869;1;RebuildCGEAllIndexes
dbo;RepairDB;324196205;2026-01-10 14:59:16.150;2026-01-10 14:59:16.150;7653;1;RepairDB
dbo;Report_AllOrdersCheckOut;340196262;2026-01-10 14:59:16.150;2026-01-10 14:59:16.150;1662;1;Report
dbo;Report_CloseDayByUser;356196319;2026-01-10 14:59:16.153;2026-01-10 14:59:16.153;1080;1;Report
dbo;Report_DailyOrderByDate;372196376;2026-01-10 14:59:16.157;2026-01-10 14:59:16.157;2001;1;Report
dbo;ReportMizanCustSupp;388196433;2026-01-10 14:59:16.160;2026-01-10 14:59:16.160;2210;1;Report
dbo;SearchNameCus_Sup;404196490;2026-01-10 14:59:16.160;2026-01-10 14:59:16.160;144;1;SearchNameCus
dbo;Select_Account_CusTailor;420196547;2026-01-10 14:59:16.163;2026-01-10 14:59:16.163;957;1;Select
dbo;Select_AccountCustomer;436196604;2026-01-10 14:59:16.163;2026-01-10 14:59:16.163;416;1;Select
dbo;Select_AccountDefualt;452196661;2026-01-10 14:59:16.167;2026-01-10 14:59:16.167;417;1;Select
dbo;Select_BarCode;468196718;2026-01-10 14:59:16.167;2026-01-10 14:59:16.167;2012;1;Select
dbo;Select_BarCodeExpireOpenQuantity;484196775;2026-01-10 14:59:16.170;2026-01-10 14:59:16.170;1329;1;Select
dbo;Select_BarCodePurchase;500196832;2026-01-10 14:59:16.170;2026-01-10 14:59:16.170;1330;1;Select
dbo;Select_Car_Receive;516196889;2026-01-10 14:59:16.173;2026-01-10 14:59:16.173;754;1;Select
dbo;Select_Contract_Contract;532196946;2026-01-10 14:59:16.177;2026-01-10 14:59:16.177;428;1;Select
dbo;SELECT_Contract_EJAR;548197003;2026-01-10 14:59:16.177;2026-01-10 14:59:16.177;1123;1;SELECT
dbo;SELECT_Contract_EJAR_Search;564197060;2026-01-10 14:59:16.180;2026-01-10 14:59:16.180;1104;1;SELECT
dbo;Select_Contract_Guarantee;580197117;2026-01-10 14:59:16.180;2026-01-10 14:59:16.180;429;1;Select
dbo;Select_ItemQuantity;596197174;2026-01-10 14:59:16.187;2026-01-10 14:59:16.187;10738;1;Select
dbo;Select_ItemQuantity_ByProperties;612197231;2026-01-10 14:59:16.193;2026-01-10 14:59:16.193;11694;1;Select
dbo;Select_ItemQuantity_Only;628197288;2026-01-10 14:59:16.200;2026-01-10 14:59:16.200;6289;1;Select
dbo;Select_Order_CheckoutOrders;644197345;2026-01-10 14:59:16.200;2026-01-10 14:59:16.200;646;1;Select
dbo;Select_Order_InventorySettlementMinus;660197402;2026-01-10 14:59:16.203;2026-01-10 14:59:16.203;307;1;Select
dbo;Select_Order_Manufacturing;676197459;2026-01-10 14:59:16.203;2026-01-10 14:59:16.203;375;1;Select
dbo;Select_Order_ManufacturingOrder;692197516;2026-01-10 14:59:16.207;2026-01-10 14:59:16.207;385;1;Select
dbo;Select_Order_OpenQuantity;708197573;2026-01-10 14:59:16.207;2026-01-10 14:59:16.207;286;1;Select
dbo;Select_Order_OrderReturn;724197630;2026-01-10 14:59:16.210;2026-01-10 14:59:16.210;688;1;Select
dbo;Select_Order_Orders;740197687;2026-01-10 14:59:16.210;2026-01-10 14:59:16.210;2117;1;Select
dbo;Select_Order_OrdersDraft;756197744;2026-01-10 14:59:16.213;2026-02-22 13:17:59.397;2148;1;Select
dbo;Select_Order_PaymentItem;772197801;2026-01-10 14:59:16.217;2026-01-10 14:59:16.217;559;1;Select
dbo;Select_Order_PriceOffer;788197858;2026-01-10 14:59:16.220;2026-01-10 14:59:16.220;1027;1;Select
dbo;Select_Order_Purchases;804197915;2026-01-10 14:59:16.220;2026-01-10 14:59:16.220;1268;1;Select
dbo;Select_Order_PurchasesOrder;820197972;2026-01-10 14:59:16.220;2026-01-10 14:59:16.220;573;1;Select
dbo;Select_Order_PurchasesReturn;836198029;2026-01-10 14:59:16.223;2026-01-10 14:59:16.223;646;1;Select
dbo;Select_Order_RecItem;852198086;2026-01-10 14:59:16.223;2026-01-10 14:59:16.223;551;1;Select
dbo;Select_Order_Reservation;868198143;2026-01-10 14:59:16.227;2026-01-10 14:59:16.227;453;1;Select
dbo;Select_Order_StoreTransfer;884198200;2026-01-10 14:59:16.230;2026-01-10 14:59:16.230;478;1;Select
dbo;Select_Order_Transfer_Master;900198257;2026-01-10 14:59:16.230;2026-01-10 14:59:16.230;1022;1;Select
dbo;Select_Order_TransferFromBranch;916198314;2026-01-10 14:59:16.230;2026-01-10 14:59:16.230;791;1;Select
dbo;Select_Order_TransferToBranch;932198371;2026-01-10 14:59:16.233;2026-01-10 14:59:16.233;785;1;Select
dbo;Select_OrderDalala_Dalala;948198428;2026-01-10 14:59:16.233;2026-01-10 14:59:16.233;559;1;Select
dbo;Select_OrderDalala_Sending;964198485;2026-01-10 14:59:16.237;2026-01-10 14:59:16.237;318;1;Select
dbo;Select_OrderGard;980198542;2026-01-10 14:59:16.237;2026-01-10 14:59:16.237;703;1;Select
dbo;Select_OrderRent_Rent;996198599;2026-01-10 14:59:16.240;2026-01-10 14:59:16.240;641;1;Select
dbo;Select_Remember;1012198656;2026-01-10 14:59:16.240;2026-01-10 14:59:16.240;155;1;Select
dbo;Select_Scaffold_EntryPermission;192719739;2026-03-10 12:59:16.093;2026-03-10 12:59:16.093;467;1;Select
dbo;Select_Scaffold_ExitPermission;336720252;2026-03-10 12:59:16.127;2026-03-10 12:59:16.127;465;1;Select
dbo;Select_scaffold_PriceOffer;288720081;2026-03-10 12:59:16.117;2026-03-13 21:36:38.163;461;1;Select
dbo;Select_Scaffolds_Contract;480720765;2026-03-13 21:36:38.147;2026-03-13 21:36:38.147;449;1;Select
dbo;Select_Scaffolds_ContractNotMinutesStarted;544720993;2026-03-13 21:36:38.160;2026-03-13 21:36:38.160;798;1;Select
dbo;Select_Scaffolds_MinutesEnd;624721278;2026-03-15 14:16:52.360;2026-03-15 14:16:52.360;465;1;Select
dbo;Select_Scaffolds_MinutesStarted;528720936;2026-03-13 21:36:38.157;2026-03-13 21:36:38.157;462;1;Select
dbo;Select_Search_Account_Receipts;1028198713;2026-01-10 14:59:16.243;2026-01-10 14:59:16.243;2804;1;Select
dbo;Select_SearchAccount;1044198770;2026-01-10 14:59:16.243;2026-01-10 14:59:16.243;409;1;Select
dbo;Select_SearchAccount_ByAccountNumber;1060198827;2026-01-10 14:59:16.247;2026-01-10 14:59:16.247;495;1;Select
dbo;Select_SearchAccountCostCenter;1076198884;2026-01-10 14:59:16.247;2026-05-25 16:50:24.070;544;1;Select
dbo;Select_SearchAccountCostCenterAll;1440724185;2026-05-23 14:33:09.140;2026-05-25 16:50:24.073;499;1;Select
dbo;Select_SearchAccountCostCenterByProject;1092198941;2026-01-10 14:59:16.250;2026-05-16 17:44:59.063;711;1;Select
dbo;Select_SearchAccountProjects;1108198998;2026-01-10 14:59:16.250;2026-01-10 14:59:16.250;613;1;Select
dbo;Select_SearchAccountReceipt;1124199055;2026-01-10 14:59:16.250;2026-01-10 14:59:16.250;543;1;Select
dbo;Select_SearchAccountReceiptForAccountTree;1140199112;2026-01-10 14:59:16.253;2026-01-10 14:59:16.253;398;1;Select
dbo;Select_SearchAccountTran;1156199169;2026-01-10 14:59:16.253;2026-01-10 14:59:16.253;887;1;Select
dbo;Select_SearchAccountTranDetailsByCode;1172199226;2026-01-10 14:59:16.257;2026-01-10 14:59:16.257;298;1;Select
dbo;Select_SearchAccountTranTemp;1188199283;2026-01-10 14:59:16.260;2026-01-10 14:59:16.260;703;1;Select
dbo;Select_SearchAccountTranTempDetailsByCode;1204199340;2026-01-10 14:59:16.260;2026-01-10 14:59:16.260;307;1;Select
dbo;Select_Virgins;1220199397;2026-01-10 14:59:16.263;2026-01-10 14:59:16.263;1566;1;Select
dbo;SetActivate;1236199454;2026-01-10 14:59:16.267;2026-01-10 14:59:16.267;144;1;SetActivate
dbo;UPDATE_ItemProfit;1252199511;2026-01-10 14:59:16.267;2026-01-10 14:59:16.267;722;1;UPDATE
dbo;Update_OpenQuantity;1268199568;2026-01-10 14:59:16.270;2026-01-10 14:59:16.270;944;1;Update
dbo;Update_Order_Order_ALL;1284199625;2026-01-10 14:59:16.277;2026-01-11 15:02:34.330;16626;1;Update
dbo;Update_Order_Order_ALL_Draft;1300199682;2026-01-10 14:59:16.280;2026-01-10 14:59:16.280;4820;1;Update
dbo;Update_Order_Order_ALL2;1316199739;2026-01-10 14:59:16.290;2026-01-19 10:31:37.217;14139;1;Update
dbo;Update_Order_Purchases;1332199796;2026-01-10 14:59:16.297;2026-01-15 16:43:19.137;11470;1;Update
dbo;Update_Order_Restaurant_B;1348199853;2026-01-10 14:59:16.303;2026-01-19 10:31:37.230;15543;1;Update
dbo;Update_Restaurant_Mahly;1364199910;2026-01-10 14:59:16.310;2026-01-19 10:31:37.250;12368;1;Update
dbo;Update_Restaurant_Tawsel;1380199967;2026-01-10 14:59:16.313;2026-01-10 14:59:16.313;7801;1;Update
dbo;Update_Room_A;1396200024;2026-01-10 14:59:16.313;2026-01-10 14:59:16.313;762;1;Update
dbo;Update_Table_A;1412200081;2026-01-10 14:59:16.317;2026-01-10 14:59:16.317;763;1;Update
dbo;Update_Tran_Tran;1428200138;2026-01-10 14:59:16.320;2026-01-10 14:59:16.320;1072;1;Update
dbo;UpdateCsr;1444200195;2026-01-10 14:59:16.320;2026-01-10 14:59:16.320;914;1;UpdateCsr
dbo;UpdateOrderCosts;1460200252;2026-01-10 14:59:16.323;2026-01-10 14:59:16.323;1432;1;UpdateOrderCosts
dbo;UpdateOrderCostsAll;1476200309;2026-01-10 14:59:16.327;2026-01-10 14:59:16.327;1871;1;UpdateOrderCostsAll
