Schema,Table,ObjectId,CreateDate,ModifyDate,TemporalType,MemoryOptimized,ApproxRows,Module,Columns
__EFMigrationsHistory,1093578934,2026-01-10 14:59:13.143,2026-08-17 18:50:08.300,NON_TEMPORAL_TABLE,0,1,0,1093578934,0
dbo,Account_Accounts,1125579048,2026-01-10 14:59:13.147,2026-08-17 18:50:08.310,NON_TEMPORAL_TABLE,0,217,Account,26
dbo,Account_AccountType,1157579162,2026-01-10 14:59:13.150,2026-08-17 18:50:08.327,NON_TEMPORAL_TABLE,0,2,Account,2
dbo,Account_Branch,1189579276,2026-01-10 14:59:13.150,2026-08-17 18:50:08.347,NON_TEMPORAL_TABLE,0,1,Account,15
dbo,Account_CostCenters,1221579390,2026-01-10 14:59:13.153,2026-08-17 18:50:08.350,NON_TEMPORAL_TABLE,0,2,Account,19
dbo,Account_CustSup,1253579504,2026-01-10 14:59:13.157,2026-08-17 18:50:08.373,NON_TEMPORAL_TABLE,0,2,Account,34
dbo,Account_CustTailor,1285579618,2026-01-10 14:59:13.157,2026-08-17 18:50:08.377,NON_TEMPORAL_TABLE,0,0,Account,26
dbo,Account_DefualtAccount,1317579732,2026-01-10 14:59:13.160,2026-08-17 18:50:08.407,NON_TEMPORAL_TABLE,0,4,Account,15
dbo,Account_DefualtAccount2,1349579846,2026-01-10 14:59:13.163,2026-08-17 18:50:08.470,NON_TEMPORAL_TABLE,0,40,Account,5
dbo,Account_DefualtCustomer,1381579960,2026-01-10 14:59:13.163,2026-08-17 18:50:08.530,NON_TEMPORAL_TABLE,0,5,Account,5
dbo,Account_Final,1413580074,2026-01-10 14:59:13.167,2026-08-17 18:50:08.550,NON_TEMPORAL_TABLE,0,3,Account,2
dbo,Account_Nature,1445580188,2026-01-10 14:59:13.167,2026-08-17 18:50:08.557,NON_TEMPORAL_TABLE,0,3,Account,2
dbo,Account_Place,1477580302,2026-01-10 14:59:13.170,2026-08-17 18:50:08.563,NON_TEMPORAL_TABLE,0,1,Account,10
dbo,Account_Projects,1509580416,2026-01-10 14:59:13.170,2026-08-17 18:50:08.567,NON_TEMPORAL_TABLE,0,1,Account,21
dbo,Account_ProjectsDetails,1541580530,2026-01-10 14:59:13.173,2026-08-17 18:50:08.573,NON_TEMPORAL_TABLE,0,2,Account,3
dbo,Account_Receipts,1573580644,2026-01-10 14:59:13.177,2026-08-17 18:50:08.580,NON_TEMPORAL_TABLE,0,0,Account,25
dbo,Account_ReceiptsDetails,1605580758,2026-01-10 14:59:13.180,2026-08-17 18:50:08.587,NON_TEMPORAL_TABLE,0,0,Account,15
dbo,Account_SalesMan,1637580872,2026-01-10 14:59:13.180,2026-08-17 18:50:08.603,NON_TEMPORAL_TABLE,0,1,Account,16
dbo,Account_Stores,1669580986,2026-01-10 14:59:13.183,2026-08-17 18:50:08.617,NON_TEMPORAL_TABLE,0,3,Account,14
dbo,Account_Suspended,1701581100,2026-01-10 14:59:13.183,2026-08-17 18:50:08.623,NON_TEMPORAL_TABLE,0,2,Account,2
dbo,Account_Type,1733581214,2026-01-10 14:59:13.187,2026-08-17 18:50:08.627,NON_TEMPORAL_TABLE,0,4,Account,2
dbo,AccountStartBalance,1765581328,2026-01-10 14:59:13.187,2026-08-17 18:50:08.633,NON_TEMPORAL_TABLE,0,0,AccountStartBalance,8
dbo,AccountYearEndClosing,1797581442,2026-01-10 14:59:13.190,2026-01-10 14:59:13.190,NON_TEMPORAL_TABLE,0,0,AccountYearEndClosing,7
dbo,AccountYears,1813581499,2026-01-10 14:59:13.190,2026-08-17 18:50:08.637,NON_TEMPORAL_TABLE,0,1,AccountYears,2
dbo,AgeingAnalysis,1845581613,2026-01-10 14:59:13.193,2026-08-17 18:50:08.637,NON_TEMPORAL_TABLE,0,0,AgeingAnalysis,11
dbo,App_FiscalYearState,253243957,2026-09-06 08:58:33.710,2026-09-06 08:58:33.960,NON_TEMPORAL_TABLE,0,0,App,6
dbo,Car_Receive,1877581727,2026-01-10 14:59:13.197,2026-08-17 18:50:08.640,NON_TEMPORAL_TABLE,0,0,Car,25
dbo,CashReceiptsType,1909581841,2026-01-10 14:59:13.197,2026-08-17 18:50:08.643,NON_TEMPORAL_TABLE,0,5,CashReceiptsType,2
dbo,Contract_Bounce,1941581955,2026-01-10 14:59:13.200,2026-08-17 18:50:08.650,NON_TEMPORAL_TABLE,0,1,Contract,17
dbo,Contract_Contract,1973582069,2026-01-10 14:59:13.200,2026-08-17 18:50:08.653,NON_TEMPORAL_TABLE,0,0,Contract,30
dbo,Contract_ContractDetails,2005582183,2026-01-10 14:59:13.203,2026-08-17 18:50:08.657,NON_TEMPORAL_TABLE,0,0,Contract,16
dbo,Contract_EJAR,2037582297,2026-01-10 14:59:13.207,2026-08-17 18:50:08.657,NON_TEMPORAL_TABLE,0,0,Contract,26
dbo,Contract_Files,2069582411,2026-01-10 14:59:13.210,2026-08-17 18:50:08.660,NON_TEMPORAL_TABLE,0,0,Contract,4
dbo,Contract_Guarantee,2101582525,2026-01-10 14:59:13.210,2026-08-17 18:50:08.663,NON_TEMPORAL_TABLE,0,0,Contract,28
dbo,Contract_GuaranteeDetails,2133582639,2026-01-10 14:59:13.213,2026-08-17 18:50:08.667,NON_TEMPORAL_TABLE,0,0,Contract,18
dbo,Contract_Store,18099105,2026-01-10 14:59:13.217,2026-08-17 18:50:07.800,NON_TEMPORAL_TABLE,0,0,Contract,7
dbo,Emp_Allowances,50099219,2026-01-10 14:59:13.220,2026-08-17 18:50:07.860,NON_TEMPORAL_TABLE,0,0,Emp,12
dbo,Emp_Employee,82099333,2026-01-10 14:59:13.220,2026-08-17 18:50:07.927,NON_TEMPORAL_TABLE,0,0,Emp,16
dbo,Emp_Entrusted,114099447,2026-01-10 14:59:13.223,2026-08-17 18:50:07.940,NON_TEMPORAL_TABLE,0,0,Emp,12
dbo,Emp_EntrustedEmployee,146099561,2026-01-10 14:59:13.227,2026-01-10 14:59:13.227,NON_TEMPORAL_TABLE,0,0,Emp,10
dbo,Emp_EntrustedEmployeeDetails,162099618,2026-01-10 14:59:13.227,2026-08-17 18:50:07.957,NON_TEMPORAL_TABLE,0,0,Emp,8
dbo,Emp_Payroll,194099732,2026-01-10 14:59:13.230,2026-08-17 18:50:07.963,NON_TEMPORAL_TABLE,0,0,Emp,13
dbo,Emp_PayrollDetails,226099846,2026-01-10 14:59:13.230,2026-08-17 18:50:07.987,NON_TEMPORAL_TABLE,0,0,Emp,20
dbo,Emp_PayrollTemp,258099960,2026-01-10 14:59:13.233,2026-08-17 18:50:08.003,NON_TEMPORAL_TABLE,0,0,Emp,13
dbo,Emp_PayrollTempDetails,290100074,2026-01-10 14:59:13.237,2026-08-17 18:50:08.007,NON_TEMPORAL_TABLE,0,0,Emp,17
dbo,EmployeeAllowances,322100188,2026-01-10 14:59:13.240,2026-08-17 18:50:08.003,NON_TEMPORAL_TABLE,0,0,EmployeeAllowances,3
dbo,Halls,354100302,2026-01-10 14:59:13.240,2026-08-17 18:50:08.007,NON_TEMPORAL_TABLE,0,0,Halls,10
dbo,Item_Add,386100416,2026-01-10 14:59:13.243,2026-08-17 18:50:08.160,NON_TEMPORAL_TABLE,0,4,Item,9
dbo,Item_Class,418100530,2026-01-10 14:59:13.243,2026-08-17 18:50:08.167,NON_TEMPORAL_TABLE,0,1,Item,10
dbo,Item_Company,450100644,2026-01-10 14:59:13.247,2026-08-17 18:50:08.190,NON_TEMPORAL_TABLE,0,1,Item,10
dbo,Item_Country,482100758,2026-01-10 14:59:13.250,2026-08-17 18:50:08.203,NON_TEMPORAL_TABLE,0,1,Item,10
dbo,Item_Doctor,514100872,2026-01-10 14:59:13.250,2026-08-17 18:50:08.217,NON_TEMPORAL_TABLE,0,0,Item,10
dbo,Item_Groups,546100986,2026-01-10 14:59:13.253,2026-08-17 18:50:08.237,NON_TEMPORAL_TABLE,0,1,Item,14
dbo,Item_Guarantee,578101100,2026-01-10 14:59:13.257,2026-08-17 18:50:08.240,NON_TEMPORAL_TABLE,0,1,Item,10
dbo,Item_ItemComponent,610101214,2026-01-10 14:59:13.257,2026-08-17 18:50:08.243,NON_TEMPORAL_TABLE,0,0,Item,11
dbo,Item_Items,642101328,2026-01-10 14:59:13.260,2026-08-17 18:50:08.253,NON_TEMPORAL_TABLE,0,2,Item,76
dbo,Item_Type,674101442,2026-01-10 14:59:13.263,2026-08-17 18:50:08.260,NON_TEMPORAL_TABLE,0,3,Item,2
dbo,Item_Unit,706101556,2026-01-10 14:59:13.267,2026-08-17 18:50:08.267,NON_TEMPORAL_TABLE,0,2,Item,10
dbo,ItemQuantity,738101670,2026-01-10 14:59:13.267,2026-08-17 18:50:08.270,NON_TEMPORAL_TABLE,0,1,ItemQuantity,8
dbo,Items_ContentAlignment_ForCashier,770101784,2026-01-10 14:59:13.270,2026-08-17 18:50:08.270,NON_TEMPORAL_TABLE,0,3,Items,2
dbo,LoginLogs,802101898,2026-01-10 14:59:13.270,2026-08-17 18:50:08.273,NON_TEMPORAL_TABLE,0,47,LoginLogs,6
dbo,Order_CheckoutOrders,834102012,2026-01-10 14:59:13.273,2026-08-17 18:50:08.280,NON_TEMPORAL_TABLE,0,0,Order,41
dbo,Order_CheckoutOrdersDetails,866102126,2026-01-10 14:59:13.277,2026-08-17 18:50:08.283,NON_TEMPORAL_TABLE,0,0,Order,19
dbo,Order_Extension,898102240,2026-01-10 14:59:13.280,2026-08-17 18:50:08.283,NON_TEMPORAL_TABLE,0,1,Order,10
dbo,Order_Gard,930102354,2026-01-10 14:59:13.280,2026-08-17 18:50:08.283,NON_TEMPORAL_TABLE,0,0,Order,13
dbo,Order_GardDetails,962102468,2026-01-10 14:59:13.283,2026-08-17 18:50:08.287,NON_TEMPORAL_TABLE,0,0,Order,11
dbo,Order_InventorySettlementMinus,994102582,2026-01-10 14:59:13.283,2026-08-17 18:50:08.290,NON_TEMPORAL_TABLE,0,0,Order,14
dbo,Order_InventorySettlementMinusDetails,1026102696,2026-01-10 14:59:13.287,2026-08-17 18:50:08.297,NON_TEMPORAL_TABLE,0,0,Order,12
dbo,Order_Manufacturing,1058102810,2026-01-10 14:59:13.290,2026-08-17 18:50:08.297,NON_TEMPORAL_TABLE,0,0,Order,25
dbo,Order_ManufacturingDetailsItems,1090102924,2026-01-10 14:59:13.293,2026-08-17 18:50:08.300,NON_TEMPORAL_TABLE,0,0,Order,16
dbo,Order_ManufacturingDetailsNew,1122103038,2026-01-10 14:59:13.293,2026-08-17 18:50:08.303,NON_TEMPORAL_TABLE,0,0,Order,20
dbo,Order_ManufacturingOrder,1154103152,2026-01-10 14:59:13.297,2026-08-17 18:50:08.323,NON_TEMPORAL_TABLE,0,0,Order,25
dbo,Order_ManufacturingOrderDetails,1186103266,2026-01-10 14:59:13.300,2026-08-17 18:50:08.343,NON_TEMPORAL_TABLE,0,0,Order,15
dbo,Order_MoveHall,1218103380,2026-01-10 14:59:13.300,2026-08-17 18:50:08.347,NON_TEMPORAL_TABLE,0,0,Order,23
dbo,Order_OpenQuantity,1250103494,2026-01-10 14:59:13.303,2026-08-17 18:50:08.357,NON_TEMPORAL_TABLE,0,0,Order,14
dbo,Order_OpenQuantityDetails,1282103608,2026-01-10 14:59:13.307,2026-08-17 18:50:08.380,NON_TEMPORAL_TABLE,0,0,Order,12
dbo,Order_OrderReturn,1314103722,2026-01-10 14:59:13.310,2026-08-17 18:50:08.390,NON_TEMPORAL_TABLE,0,0,Order,48
dbo,Order_OrderReturnDetails,1346103836,2026-01-10 14:59:13.313,2026-08-17 18:50:08.467,NON_TEMPORAL_TABLE,0,0,Order,27
dbo,Order_Orders,1378103950,2026-01-10 14:59:13.317,2026-08-17 18:50:08.523,NON_TEMPORAL_TABLE,0,1,Order,87
dbo,Order_OrdersDetails,1410104064,2026-01-10 14:59:13.320,2026-08-17 18:50:08.547,NON_TEMPORAL_TABLE,0,1,Order,40
dbo,Order_OrdersDetailsDraft,1442104178,2026-01-10 14:59:13.323,2026-08-17 18:50:08.553,NON_TEMPORAL_TABLE,0,0,Order,40
dbo,Order_OrdersDraft,1474104292,2026-01-10 14:59:13.327,2026-08-17 18:50:08.560,NON_TEMPORAL_TABLE,0,0,Order,80
dbo,Order_PaymentItem,1506104406,2026-01-10 14:59:13.330,2026-08-17 18:50:08.570,NON_TEMPORAL_TABLE,0,0,Order,33
dbo,Order_PaymentItemDetails,1538104520,2026-01-10 14:59:13.333,2026-08-17 18:50:08.573,NON_TEMPORAL_TABLE,0,0,Order,16
dbo,Order_PriceOffer,1570104634,2026-01-10 14:59:13.337,2026-08-17 18:50:08.580,NON_TEMPORAL_TABLE,0,0,Order,45
dbo,Order_PriceOfferDetails,1602104748,2026-01-10 14:59:13.340,2026-08-17 18:50:08.583,NON_TEMPORAL_TABLE,0,0,Order,33
dbo,Order_Purchases,1634104862,2026-01-10 14:59:13.343,2026-08-17 18:50:08.600,NON_TEMPORAL_TABLE,0,0,Order,36
dbo,Order_PurchasesDetails,1666104976,2026-01-10 14:59:13.347,2026-08-17 18:50:08.613,NON_TEMPORAL_TABLE,0,0,Order,20
dbo,Order_PurchasesOrder,1698105090,2026-01-10 14:59:13.347,2026-08-17 18:50:08.623,NON_TEMPORAL_TABLE,0,0,Order,30
dbo,Order_PurchasesOrderDetails,1730105204,2026-01-10 14:59:13.350,2026-08-17 18:50:08.627,NON_TEMPORAL_TABLE,0,0,Order,16
dbo,Order_PurchasesReturn,1762105318,2026-01-10 14:59:13.353,2026-08-17 18:50:08.633,NON_TEMPORAL_TABLE,0,0,Order,32
dbo,Order_PurchasesReturnDetails,1794105432,2026-01-10 14:59:13.357,2026-08-17 18:50:08.637,NON_TEMPORAL_TABLE,0,0,Order,18
dbo,Order_RecItem,1826105546,2026-01-10 14:59:13.360,2026-08-17 18:50:08.637,NON_TEMPORAL_TABLE,0,0,Order,33
dbo,Order_RecItemDetails,1858105660,2026-01-10 14:59:13.360,2026-08-17 18:50:08.640,NON_TEMPORAL_TABLE,0,0,Order,16
dbo,Order_Reservation,1890105774,2026-01-10 14:59:13.363,2026-08-17 18:50:08.643,NON_TEMPORAL_TABLE,0,0,Order,10
dbo,Order_Reservations,1922105888,2026-01-10 14:59:13.363,2026-08-17 18:50:08.643,NON_TEMPORAL_TABLE,0,0,Order,15
dbo,Order_StoreTransfer,1954106002,2026-01-10 14:59:13.367,2026-08-17 18:50:08.653,NON_TEMPORAL_TABLE,0,0,Order,15
dbo,Order_StoreTransferDetails,1986106116,2026-01-10 14:59:13.370,2026-08-17 18:50:08.657,NON_TEMPORAL_TABLE,0,0,Order,10
dbo,Order_Transfer_Master,2018106230,2026-01-10 14:59:13.373,2026-08-17 18:50:08.657,NON_TEMPORAL_TABLE,0,0,Order,30
dbo,Order_Transfer_MasterDetails,2050106344,2026-01-10 14:59:13.373,2026-08-17 18:50:08.657,NON_TEMPORAL_TABLE,0,0,Order,17
dbo,Order_Transfer_StatusType,2082106458,2026-01-10 14:59:13.377,2026-08-17 18:50:08.660,NON_TEMPORAL_TABLE,0,0,Order,2
dbo,Order_Transfer_TrackingType,2114106572,2026-01-10 14:59:13.380,2026-08-17 18:50:08.660,NON_TEMPORAL_TABLE,0,0,Order,2
dbo,Order_TransferFromBranch,2146106686,2026-01-10 14:59:13.380,2026-08-17 18:50:08.667,NON_TEMPORAL_TABLE,0,0,Order,34
dbo,Order_TransferFromBranchDetails,30623152,2026-01-10 14:59:13.383,2026-08-17 18:50:07.837,NON_TEMPORAL_TABLE,0,0,Order,16
dbo,Order_TransferToBranch,62623266,2026-01-10 14:59:13.387,2026-08-17 18:50:07.903,NON_TEMPORAL_TABLE,0,0,Order,34
dbo,Order_TransferToBranchDetails,94623380,2026-01-10 14:59:13.390,2026-08-17 18:50:07.937,NON_TEMPORAL_TABLE,0,0,Order,16
dbo,Order_TypeElectronicInvoice,126623494,2026-01-10 14:59:13.390,2026-01-10 14:59:13.390,NON_TEMPORAL_TABLE,0,0,Order,2
dbo,OrderDalala_Dalala,142623551,2026-01-10 14:59:13.393,2026-08-17 18:50:07.950,NON_TEMPORAL_TABLE,0,0,OrderDalala,44
dbo,OrderDalala_DalalaDetails,174623665,2026-01-10 14:59:13.397,2026-08-17 18:50:07.960,NON_TEMPORAL_TABLE,0,0,OrderDalala,19
dbo,OrderDalala_Sending,206623779,2026-01-10 14:59:13.400,2026-08-17 18:50:07.967,NON_TEMPORAL_TABLE,0,0,OrderDalala,18
dbo,OrderDalala_SendingDetails,238623893,2026-01-10 14:59:13.403,2026-08-17 18:50:07.993,NON_TEMPORAL_TABLE,0,0,OrderDalala,10
dbo,OrderRent_Recipt,270624007,2026-01-10 14:59:13.403,2026-08-17 18:50:08.000,NON_TEMPORAL_TABLE,0,0,OrderRent,35
dbo,OrderRent_Recipt3,302624121,2026-01-10 14:59:13.407,2026-08-17 18:50:08.003,NON_TEMPORAL_TABLE,0,0,OrderRent,44
dbo,OrderRent_RecpitDetails,334624235,2026-01-10 14:59:13.410,2026-08-17 18:50:08.007,NON_TEMPORAL_TABLE,0,0,OrderRent,18
dbo,OrderRent_RecpitDetails3,366624349,2026-01-10 14:59:13.413,2026-08-17 18:50:08.010,NON_TEMPORAL_TABLE,0,0,OrderRent,22
dbo,OrderRent_Rent,398624463,2026-01-10 14:59:13.417,2026-08-17 18:50:08.160,NON_TEMPORAL_TABLE,0,0,OrderRent,32
dbo,OrderRent_RentDetails,430624577,2026-01-10 14:59:13.420,2026-08-17 18:50:08.173,NON_TEMPORAL_TABLE,0,0,OrderRent,17
dbo,Orders_PriceShowRental,462624691,2026-01-10 14:59:13.420,2026-08-17 18:50:08.193,NON_TEMPORAL_TABLE,0,0,Orders,36
dbo,Orders_RentalInvoice,494624805,2026-01-10 14:59:13.423,2026-08-17 18:50:08.210,NON_TEMPORAL_TABLE,0,0,Orders,37
dbo,OrdersReturn_RentalInvoice,526624919,2026-01-10 14:59:13.427,2026-08-17 18:50:08.213,NON_TEMPORAL_TABLE,0,0,OrdersReturn,38
dbo,Ordert_PriceShowRentalDetails,558625033,2026-01-10 14:59:13.430,2026-08-17 18:50:08.233,NON_TEMPORAL_TABLE,0,0,Ordert,22
dbo,Ordert_RentalInvoiceDetails,590625147,2026-01-10 14:59:13.433,2026-08-17 18:50:08.240,NON_TEMPORAL_TABLE,0,0,Ordert,22
dbo,OrdertReturn_RentalInvoiceDetails,622625261,2026-01-10 14:59:13.437,2026-08-17 18:50:08.243,NON_TEMPORAL_TABLE,0,0,OrdertReturn,23
dbo,PriceOffer_Reservations,654625375,2026-01-10 14:59:13.440,2026-08-17 18:50:08.260,NON_TEMPORAL_TABLE,0,0,PriceOffer,15
dbo,Printers,686625489,2026-01-10 14:59:13.440,2026-08-17 18:50:08.263,NON_TEMPORAL_TABLE,0,1,Printers,5
dbo,PrintersCook,718625603,2026-01-10 14:59:13.443,2026-08-17 18:50:08.267,NON_TEMPORAL_TABLE,0,0,PrintersCook,4
dbo,RebuildAllIndexes,750625717,2026-01-10 14:59:13.443,2026-08-17 18:50:08.270,NON_TEMPORAL_TABLE,0,143,RebuildAllIndexes,2
dbo,RentalExpenses,782625831,2026-01-10 14:59:13.447,2026-08-17 18:50:08.273,NON_TEMPORAL_TABLE,0,0,RentalExpenses,13
dbo,RentalExpensesDetails,814625945,2026-01-10 14:59:13.450,2026-08-17 18:50:08.273,NON_TEMPORAL_TABLE,0,0,RentalExpensesDetails,10
dbo,Repairs_Groups,846626059,2026-01-10 14:59:13.450,2026-08-17 18:50:08.277,NON_TEMPORAL_TABLE,0,0,Repairs,2
dbo,Repairs_Malfunctions,878626173,2026-01-10 14:59:13.453,2026-08-17 18:50:08.280,NON_TEMPORAL_TABLE,0,0,Repairs,3
dbo,Repairs_Repair,910626287,2026-01-10 14:59:13.453,2026-08-17 18:50:08.283,NON_TEMPORAL_TABLE,0,0,Repairs,8
dbo,Repairs_RepairDetails,942626401,2026-01-10 14:59:13.457,2026-08-17 18:50:08.283,NON_TEMPORAL_TABLE,0,0,Repairs,4
dbo,Restaurant_Delivery,974626515,2026-01-10 14:59:13.460,2026-08-17 18:50:08.290,NON_TEMPORAL_TABLE,0,0,Restaurant,8
dbo,Restaurant_DeliveryMan,1006626629,2026-01-10 14:59:13.460,2026-08-17 18:50:08.293,NON_TEMPORAL_TABLE,0,1,Restaurant,12
dbo,Restaurant_Room,1038626743,2026-01-10 14:59:13.463,2026-08-17 18:50:08.300,NON_TEMPORAL_TABLE,0,0,Restaurant,16
dbo,Restaurant_Table,1070626857,2026-01-10 14:59:13.467,2026-08-17 18:50:08.300,NON_TEMPORAL_TABLE,0,0,Restaurant,16
dbo,Restaurant_Type,1102626971,2026-01-10 14:59:13.470,2026-08-17 18:50:08.303,NON_TEMPORAL_TABLE,0,4,Restaurant,2
dbo,ResultElectronicInvoiceXmls,1134627085,2026-01-10 14:59:13.470,2026-08-17 18:50:08.323,NON_TEMPORAL_TABLE,0,0,ResultElectronicInvoiceXmls,31
dbo,Scaffold_EntryPermission,160719625,2026-03-10 12:59:16.087,2026-08-17 18:50:07.953,NON_TEMPORAL_TABLE,0,0,Scaffold,32
dbo,Scaffold_EntryPermissionDetails,352720309,2026-03-10 12:59:16.130,2026-08-17 18:50:08.007,NON_TEMPORAL_TABLE,0,0,Scaffold,20
dbo,Scaffold_ExitPermission,304720138,2026-03-10 12:59:16.120,2026-08-17 18:50:08.003,NON_TEMPORAL_TABLE,0,0,Scaffold,32
dbo,Scaffold_ExitPermissionDetails,384720423,2026-03-10 12:59:16.133,2026-08-17 18:50:08.010,NON_TEMPORAL_TABLE,0,0,Scaffold,20
dbo,Scaffold_PriceOffer,256719967,2026-03-10 12:59:16.103,2026-08-17 18:50:07.997,NON_TEMPORAL_TABLE,0,0,Scaffold,33
dbo,Scaffold_PriceOfferDetails,416720537,2026-03-10 12:59:16.140,2026-08-17 18:50:08.163,NON_TEMPORAL_TABLE,0,0,Scaffold,18
dbo,Scaffolds_Contract,208719796,2026-03-10 12:59:16.097,2026-08-17 18:50:07.963,NON_TEMPORAL_TABLE,0,0,Scaffolds,35
dbo,Scaffolds_ContractDetails,448720651,2026-03-10 12:59:16.143,2026-08-17 18:50:08.180,NON_TEMPORAL_TABLE,0,0,Scaffolds,17
dbo,Scaffolds_MinutesEnd,592721164,2026-03-15 14:16:52.353,2026-08-17 18:50:08.240,NON_TEMPORAL_TABLE,0,0,Scaffolds,34
dbo,Scaffolds_MinutesEndDetails,640721335,2026-03-15 14:16:52.363,2026-08-17 18:50:08.243,NON_TEMPORAL_TABLE,0,0,Scaffolds,17
dbo,Scaffolds_MinutesStarted,496720822,2026-03-13 21:36:38.150,2026-08-17 18:50:08.210,NON_TEMPORAL_TABLE,0,0,Scaffolds,33
dbo,Scaffolds_MinutesStartedDetails,560721050,2026-03-13 21:36:38.170,2026-08-17 18:50:08.233,NON_TEMPORAL_TABLE,0,0,Scaffolds,18
dbo,Tafqit,1166627199,2026-01-10 14:59:13.473,2026-08-17 18:50:08.340,NON_TEMPORAL_TABLE,0,3,Tafqit,2
dbo,TblRemember,1198627313,2026-01-10 14:59:13.473,2026-08-17 18:50:08.343,NON_TEMPORAL_TABLE,0,0,TblRemember,3
dbo,TblSetting,1230627427,2026-01-10 14:59:13.480,2026-08-17 18:50:08.353,NON_TEMPORAL_TABLE,0,1,TblSetting,106
dbo,Temp_Accounts,1262627541,2026-01-10 14:59:13.480,2026-08-17 18:50:08.373,NON_TEMPORAL_TABLE,0,1,Temp,1
dbo,TempAccounts,1294627655,2026-01-10 14:59:13.483,2026-08-17 18:50:08.380,NON_TEMPORAL_TABLE,0,0,TempAccounts,22
dbo,TempAgeingAnalysis,1310627712,2026-01-10 14:59:13.487,2026-01-10 14:59:13.487,NON_TEMPORAL_TABLE,0,0,TempAgeingAnalysis,5
dbo,TempBudget,1326627769,2026-01-10 14:59:13.487,2026-08-17 18:50:08.450,NON_TEMPORAL_TABLE,0,74,TempBudget,21
dbo,TempTranMaterDetails,1342627826,2026-01-10 14:59:13.490,2026-08-17 18:50:08.460,NON_TEMPORAL_TABLE,0,0,TempTranMaterDetails,27
dbo,TempTrialBalanceByTotal,1374627940,2026-01-10 14:59:13.493,2026-08-17 18:50:08.493,NON_TEMPORAL_TABLE,0,207,TempTrialBalanceByTotal,14
dbo,Tran_Tran,1406628054,2026-01-10 14:59:13.497,2026-08-17 18:50:08.537,NON_TEMPORAL_TABLE,0,1,Tran,20
dbo,Tran_TranDetails,1438628168,2026-01-10 14:59:13.497,2026-08-17 18:50:08.557,NON_TEMPORAL_TABLE,0,5,Tran,11
dbo,Tran_TranTemp,1470628282,2026-01-10 14:59:13.500,2026-08-17 18:50:08.560,NON_TEMPORAL_TABLE,0,0,Tran,15
dbo,Tran_TranTempDetails,1502628396,2026-01-10 14:59:13.503,2026-08-17 18:50:08.567,NON_TEMPORAL_TABLE,0,0,Tran,11
dbo,Tran_Type,1534628510,2026-01-10 14:59:13.503,2026-08-17 18:50:08.573,NON_TEMPORAL_TABLE,0,28,Tran,2
dbo,User_DayClose,1566628624,2026-01-10 14:59:13.507,2026-08-17 18:50:08.573,NON_TEMPORAL_TABLE,0,0,User,31
dbo,User_Groups,1598628738,2026-01-10 14:59:13.510,2026-08-17 18:50:08.583,NON_TEMPORAL_TABLE,0,3,User,18
dbo,User_Login,1630628852,2026-01-10 14:59:13.513,2026-08-17 18:50:08.590,NON_TEMPORAL_TABLE,0,3,User,27
dbo,User_Permission,1662628966,2026-01-10 14:59:13.517,2026-08-17 18:50:08.610,NON_TEMPORAL_TABLE,0,301,User,18
dbo,User_Screens,1694629080,2026-01-10 14:59:13.517,2026-08-17 18:50:08.623,NON_TEMPORAL_TABLE,0,159,User,6
dbo,User_SellPrice,1726629194,2026-01-10 14:59:13.520,2026-08-17 18:50:08.627,NON_TEMPORAL_TABLE,0,5,User,2
dbo,Virg_AppType,1758629308,2026-01-10 14:59:13.520,2026-08-17 18:50:08.627,NON_TEMPORAL_TABLE,0,0,Virg,2
dbo,Virg_Branch,1790629422,2026-01-10 14:59:13.523,2026-08-17 18:50:08.633,NON_TEMPORAL_TABLE,0,0,Virg,13
dbo,Virg_Company,1822629536,2026-01-10 14:59:13.527,2026-08-17 18:50:08.637,NON_TEMPORAL_TABLE,0,0,Virg,2
dbo,Virg_Franchise,1854629650,2026-01-10 14:59:13.527,2026-08-17 18:50:08.640,NON_TEMPORAL_TABLE,0,0,Virg,5
dbo,Virg_Master,1886629764,2026-01-10 14:59:13.530,2026-08-17 18:50:08.643,NON_TEMPORAL_TABLE,0,0,Virg,2
dbo,Virg_MasterDetails,1918629878,2026-01-10 14:59:13.530,2026-08-17 18:50:08.643,NON_TEMPORAL_TABLE,0,0,Virg,37
dbo,Virg_Statuse,1950629992,2026-01-10 14:59:13.533,2026-08-17 18:50:08.647,NON_TEMPORAL_TABLE,0,0,Virg,2
dbo,Virg_Type,1982630106,2026-01-10 14:59:13.537,2026-08-17 18:50:08.650,NON_TEMPORAL_TABLE,0,0,Virg,2
dbo,Virg_Virgins,2014630220,2026-01-10 14:59:13.537,2026-08-17 18:50:08.653,NON_TEMPORAL_TABLE,0,9,Virg,4
